Company Code,Month year,Plant Code,GL Account Code,GL LV1 Name,FM. Loc Amt,PnL Name,Cost Center Code
1000,Jan 2023,1013,0064130110,CP CCDC,-4553890,Chi phí bán hàng,1015201013
1000,Jan 2023,1013,0064130140,CP CCDC,-1019464,Chi phí bán hàng,1015201013
1000,Jan 2023,1013,0064140110,CP KH TSCĐ,-3336389,Chi phí bán hàng,1015201013
1000,Jan 2023,1013,0064151100,CP Còn lại,-75000,Chi phí bán hàng,1015201013
1000,Jan 2023,1115,0064110100,CP Nhân viên,-119467328,Chi phí bán hàng,1028101115
1000,Jan 2023,1115,0064110110,CP Nhân viên,-7355422,Chi phí bán hàng,1028101115
1000,Jan 2023,1115,0064110120,CP Nhân viên,-72329693,Chi phí bán hàng,1028101115
1000,Jan 2023,1115,0064110130,CP Nhân viên,-114010934,Chi phí bán hàng,1028101115
1000,Jan 2023,1115,0064110150,CP Nhân viên,-10885000,Chi phí bán hàng,1028101115
1000,Jan 2023,1115,0064110160,CP Nhân viên,-1000000,Chi phí bán hàng,1028101115
1000,Jan 2023,1115,0064110170,CP Nhân viên,-10885000,Chi phí bán hàng,1028101115
1000,Jan 2023,1115,0064110180,CP Nhân viên,-1244000,Chi phí bán hàng,1028101115
1000,Jan 2023,1115,0064110190,CP Nhân viên,-1866000,Chi phí bán hàng,1028101115
1000,Jan 2023,1115,0064110200,CP Nhân viên,-622000,Chi phí bán hàng,1028101115
1000,Jan 2023,1115,0064120120,CP vật liệu phụ,-7877834,Chi phí bán hàng,1028101115
1000,Jan 2023,1115,0064120130,CP vật liệu phụ,-2886000,Chi phí bán hàng,1028101115
1000,Jan 2023,1115,0064130140,CP CCDC,-7537967,Chi phí bán hàng,1028101115
1000,Jan 2023,1115,0064130150,CP CCDC,-580000,Chi phí bán hàng,1028101115
1000,Jan 2023,1115,0064140100,CP KH TSCĐ,-24435040,Chi phí bán hàng,1028101115
1000,Jan 2023,1115,0064151100,CP Còn lại,-2750602,Chi phí bán hàng,1028101115
1000,Jan 2023,1115,0064171100,CP Thuê ngoài,-55000000,Chi phí bán hàng,1028101115
1000,Jan 2023,1115,0064173100,CP hành chính,-9066243,Chi phí bán hàng,1028101115
1000,Jan 2023,1115,0064173110,CP hành chính,-1182119,Chi phí bán hàng,1028101115
1000,Jan 2023,1115,0064173150,CP hành chính,-200000,Chi phí bán hàng,1028101115
1000,Jan 2023,1115,0064180110,CP Còn lại,-2195000,Chi phí bán hàng,1028101115
1000,Jan 2023,1115,0064180210,CP chuyển tiền,-39134061,Chi phí bán hàng,1028101115
1000,Jan 2023,1115,0064180340,CP Còn lại,-2500000,Chi phí bán hàng,1028101115
1000,Jan 2023,1255,0064110100,CP Nhân viên,-42516669,Chi phí bán hàng,1011101255
1000,Jan 2023,1255,0064110110,CP Nhân viên,-2726300,Chi phí bán hàng,1011101255
1000,Jan 2023,1255,0064110120,CP Nhân viên,-25741076,Chi phí bán hàng,1011101255
1000,Jan 2023,1255,0064110130,CP Nhân viên,-1493051,Chi phí bán hàng,1011101255
1000,Jan 2023,1255,0064110150,CP Nhân viên,-4375000,Chi phí bán hàng,1011101255
1000,Jan 2023,1255,0064110170,CP Nhân viên,-4434500,Chi phí bán hàng,1011101255
1000,Jan 2023,1255,0064110180,CP Nhân viên,-506800,Chi phí bán hàng,1011101255
1000,Jan 2023,1255,0064110190,CP Nhân viên,-760200,Chi phí bán hàng,1011101255
1000,Jan 2023,1255,0064110200,CP Nhân viên,-253400,Chi phí bán hàng,1011101255
1000,Jan 2023,1255,0064120120,CP vật liệu phụ,-1950725,Chi phí bán hàng,1011101255
1000,Jan 2023,1255,0064120130,CP vật liệu phụ,-795000,Chi phí bán hàng,1011101255
1000,Jan 2023,1255,0064120140,CP vật liệu phụ,-850884,Chi phí bán hàng,1011101255
1000,Jan 2023,1255,0064130140,CP CCDC,-227083,Chi phí bán hàng,1011101255
1000,Jan 2023,1255,0064171100,CP Thuê ngoài,-48361304,Chi phí bán hàng,1011101255
1000,Jan 2023,1255,0064173110,CP hành chính,-402662,Chi phí bán hàng,1011101255
1000,Jan 2023,1255,0064180110,CP Còn lại,-2739750,Chi phí bán hàng,1011101255
1000,Jan 2023,1255,0064180210,CP chuyển tiền,-7313437,Chi phí bán hàng,1011101255
1000,Jan 2023,1255,0064252100,CP Còn lại,-1000000,Chi phí quản lý,1011101255
1000,Jan 2023,1256,0064110100,CP Nhân viên,-125729826,Chi phí bán hàng,1011101256
1000,Jan 2023,1256,0064110110,CP Nhân viên,-8221668,Chi phí bán hàng,1011101256
1000,Jan 2023,1256,0064110120,CP Nhân viên,-76121228,Chi phí bán hàng,1011101256
1000,Jan 2023,1256,0064110130,CP Nhân viên,-4682810,Chi phí bán hàng,1011101256
1000,Jan 2023,1256,0064110150,CP Nhân viên,-11830000,Chi phí bán hàng,1011101256
1000,Jan 2023,1256,0064110160,CP Nhân viên,-1000000,Chi phí bán hàng,1011101256
1000,Jan 2023,1256,0064110170,CP Nhân viên,-11718000,Chi phí bán hàng,1011101256
1000,Jan 2023,1256,0064110180,CP Nhân viên,-1339200,Chi phí bán hàng,1011101256
1000,Jan 2023,1256,0064110190,CP Nhân viên,-2008800,Chi phí bán hàng,1011101256
1000,Jan 2023,1256,0064110200,CP Nhân viên,-669600,Chi phí bán hàng,1011101256
1000,Jan 2023,1256,0064120110,CP vật liệu phụ,-271080,Chi phí bán hàng,1011101256
1000,Jan 2023,1256,0064120120,CP vật liệu phụ,-21831509,Chi phí bán hàng,1011101256
1000,Jan 2023,1256,0064120130,CP vật liệu phụ,-1447038,Chi phí bán hàng,1011101256
1000,Jan 2023,1256,0064120140,CP vật liệu phụ,-14710494,Chi phí bán hàng,1011101256
1000,Jan 2023,1256,0064130100,CP CCDC,-214727,Chi phí bán hàng,1011101256
1000,Jan 2023,1256,0064130110,CP CCDC,-3654760,Chi phí bán hàng,1011101256
1000,Jan 2023,1256,0064130130,CP CCDC,-12234679,Chi phí bán hàng,1011101256
1000,Jan 2023,1256,0064130140,CP CCDC,-79285044,Chi phí bán hàng,1011101256
1000,Jan 2023,1256,0064140110,CP KH TSCĐ,-3486450,Chi phí bán hàng,1011101256
1000,Jan 2023,1256,0064151100,CP Còn lại,-2181735,Chi phí bán hàng,1011101256
1000,Jan 2023,1256,0064171100,CP Thuê ngoài,-86140000,Chi phí bán hàng,1011101256
1000,Jan 2023,1256,0064172100,"CP sửa chữa, bảo trì",-40497168,Chi phí bán hàng,1011101256
1000,Jan 2023,1256,0064172110,"CP sửa chữa, bảo trì",-3184729,Chi phí bán hàng,1011101256
1000,Jan 2023,1256,0064173100,CP hành chính,-724489,Chi phí bán hàng,1011101256
1000,Jan 2023,1256,0064173110,CP hành chính,-303281,Chi phí bán hàng,1011101256
1000,Jan 2023,1256,0064173140,CP Còn lại,0,Chi phí bán hàng,1011101256
1000,Jan 2023,1256,0064173160,CP hành chính,-2128546,Chi phí bán hàng,1011101256
1000,Jan 2023,1256,0064173190,CP Còn lại,-169740,Chi phí bán hàng,1011101256
1000,Jan 2023,1256,0064180110,CP Còn lại,-5422380,Chi phí bán hàng,1011101256
1000,Jan 2023,1256,0064180210,CP chuyển tiền,-16256586,Chi phí bán hàng,1011101256
1000,Jan 2023,1256,0064180340,CP Còn lại,-1329853,Chi phí bán hàng,1011101256
1000,Jan 2023,1256,0064252100,CP Còn lại,-1000000,Chi phí quản lý,1011101256
1000,Jan 2023,1277,0064110100,CP Nhân viên,-114444395,Chi phí bán hàng,1015101277
1000,Jan 2023,1277,0064110110,CP Nhân viên,-7893492,Chi phí bán hàng,1015101277
1000,Jan 2023,1277,0064110120,CP Nhân viên,-69288634,Chi phí bán hàng,1015101277
1000,Jan 2023,1277,0064110130,CP Nhân viên,-6927811,Chi phí bán hàng,1015101277
1000,Jan 2023,1277,0064110150,CP Nhân viên,-13370000,Chi phí bán hàng,1015101277
1000,Jan 2023,1277,0064110160,CP Nhân viên,-1000000,Chi phí bán hàng,1015101277
1000,Jan 2023,1277,0064110170,CP Nhân viên,-12005000,Chi phí bán hàng,1015101277
1000,Jan 2023,1277,0064110180,CP Nhân viên,-1372000,Chi phí bán hàng,1015101277
1000,Jan 2023,1277,0064110190,CP Nhân viên,-2058000,Chi phí bán hàng,1015101277
1000,Jan 2023,1277,0064110200,CP Nhân viên,-686000,Chi phí bán hàng,1015101277
1000,Jan 2023,1277,0064120120,CP vật liệu phụ,-19560034,Chi phí bán hàng,1015101277
1000,Jan 2023,1277,0064120140,CP vật liệu phụ,-7479468,Chi phí bán hàng,1015101277
1000,Jan 2023,1277,0064130100,CP CCDC,-975482,Chi phí bán hàng,1015101277
1000,Jan 2023,1277,0064130130,CP CCDC,-731667,Chi phí bán hàng,1015101277
1000,Jan 2023,1277,0064130140,CP CCDC,-420834,Chi phí bán hàng,1015101277
1000,Jan 2023,1277,0064130150,CP CCDC,0,Chi phí bán hàng,1015101277
1000,Jan 2023,1277,0064140110,CP KH TSCĐ,-1257025,Chi phí bán hàng,1015101277
1000,Jan 2023,1277,0064151100,CP Còn lại,-1422920,Chi phí bán hàng,1015101277
1000,Jan 2023,1277,0064171100,CP Thuê ngoài,-52000000,Chi phí bán hàng,1015101277
1000,Jan 2023,1277,0064172100,"CP sửa chữa, bảo trì",-3815625,Chi phí bán hàng,1015101277
1000,Jan 2023,1277,0064173100,CP hành chính,-10482328,Chi phí bán hàng,1015101277
1000,Jan 2023,1277,0064173110,CP hành chính,-1682718,Chi phí bán hàng,1015101277
1000,Jan 2023,1277,0064173190,CP Còn lại,-205207,Chi phí bán hàng,1015101277
1000,Jan 2023,1277,0064180210,CP chuyển tiền,-67404279,Chi phí bán hàng,1015101277
1000,Jan 2023,1277,0064180340,CP Còn lại,-1831987,Chi phí bán hàng,1015101277
1000,Jan 2023,1278,0064110100,CP Nhân viên,-44901069,Chi phí bán hàng,1015101278
1000,Jan 2023,1278,0064110110,CP Nhân viên,-2972604,Chi phí bán hàng,1015101278
1000,Jan 2023,1278,0064110120,CP Nhân viên,-27184676,Chi phí bán hàng,1015101278
1000,Jan 2023,1278,0064110130,CP Nhân viên,-37558330,Chi phí bán hàng,1015101278
1000,Jan 2023,1278,0064110150,CP Nhân viên,-5285000,Chi phí bán hàng,1015101278
1000,Jan 2023,1278,0064110170,CP Nhân viên,-4725000,Chi phí bán hàng,1015101278
1000,Jan 2023,1278,0064110180,CP Nhân viên,-540000,Chi phí bán hàng,1015101278
1000,Jan 2023,1278,0064110190,CP Nhân viên,-810000,Chi phí bán hàng,1015101278
1000,Jan 2023,1278,0064110200,CP Nhân viên,-270000,Chi phí bán hàng,1015101278
1000,Jan 2023,1278,0064120120,CP vật liệu phụ,-5828875,Chi phí bán hàng,1015101278
1000,Jan 2023,1278,0064120130,CP vật liệu phụ,-332400,Chi phí bán hàng,1015101278
1000,Jan 2023,1278,0064130100,CP CCDC,-179037,Chi phí bán hàng,1015101278
1000,Jan 2023,1278,0064130140,CP CCDC,-820609,Chi phí bán hàng,1015101278
1000,Jan 2023,1278,0064130150,CP CCDC,0,Chi phí bán hàng,1015101278
1000,Jan 2023,1278,0064151100,CP Còn lại,222387,Chi phí bán hàng,1015101278
1000,Jan 2023,1278,0064171100,CP Thuê ngoài,-31504334,Chi phí bán hàng,1015101278
1000,Jan 2023,1278,0064172100,"CP sửa chữa, bảo trì",-1650000,Chi phí bán hàng,1015101278
1000,Jan 2023,1278,0064173100,CP hành chính,-1900000,Chi phí bán hàng,1015101278
1000,Jan 2023,1278,0064173110,CP hành chính,-697690,Chi phí bán hàng,1015101278
1000,Jan 2023,1278,0064173150,CP hành chính,-400000,Chi phí bán hàng,1015101278
1000,Jan 2023,1278,0064180210,CP chuyển tiền,-14242557,Chi phí bán hàng,1015101278
1000,Jan 2023,1278,0064180340,CP Còn lại,-990629,Chi phí bán hàng,1015101278
1000,Jan 2023,1279,0064110100,CP Nhân viên,-43845419,Chi phí bán hàng,1015101279
1000,Jan 2023,1279,0064110110,CP Nhân viên,-2590412,Chi phí bán hàng,1015101279
1000,Jan 2023,1279,0064110120,CP Nhân viên,-26545548,Chi phí bán hàng,1015101279
1000,Jan 2023,1279,0064110130,CP Nhân viên,-783620,Chi phí bán hàng,1015101279
1000,Jan 2023,1279,0064110150,CP Nhân viên,-3920000,Chi phí bán hàng,1015101279
1000,Jan 2023,1279,0064110170,CP Nhân viên,-4042500,Chi phí bán hàng,1015101279
1000,Jan 2023,1279,0064110180,CP Nhân viên,-462000,Chi phí bán hàng,1015101279
1000,Jan 2023,1279,0064110190,CP Nhân viên,-693000,Chi phí bán hàng,1015101279
1000,Jan 2023,1279,0064110200,CP Nhân viên,-231000,Chi phí bán hàng,1015101279
1000,Jan 2023,1279,0064120120,CP vật liệu phụ,-1493202,Chi phí bán hàng,1015101279
1000,Jan 2023,1279,0064120130,CP vật liệu phụ,-200000,Chi phí bán hàng,1015101279
1000,Jan 2023,1279,0064130140,CP CCDC,-351573,Chi phí bán hàng,1015101279
1000,Jan 2023,1279,0064171100,CP Thuê ngoài,-23069923,Chi phí bán hàng,1015101279
1000,Jan 2023,1279,0064173100,CP hành chính,-2092071,Chi phí bán hàng,1015101279
1000,Jan 2023,1279,0064173110,CP hành chính,-893150,Chi phí bán hàng,1015101279
1000,Jan 2023,1279,0064173150,CP hành chính,-281600,Chi phí bán hàng,1015101279
1000,Jan 2023,1279,0064180210,CP chuyển tiền,-7831542,Chi phí bán hàng,1015101279
1000,Jan 2023,1279,0064180340,CP Còn lại,-235920,Chi phí bán hàng,1015101279
1000,Jan 2023,1280,0064110100,CP Nhân viên,-44024292,Chi phí bán hàng,1016101280
1000,Jan 2023,1280,0064110110,CP Nhân viên,-2590412,Chi phí bán hàng,1016101280
1000,Jan 2023,1280,0064110120,CP Nhân viên,-26653844,Chi phí bán hàng,1016101280
1000,Jan 2023,1280,0064110130,CP Nhân viên,-30290646,Chi phí bán hàng,1016101280
1000,Jan 2023,1280,0064110150,CP Nhân viên,-4340000,Chi phí bán hàng,1016101280
1000,Jan 2023,1280,0064110170,CP Nhân viên,-3867000,Chi phí bán hàng,1016101280
1000,Jan 2023,1280,0064110180,CP Nhân viên,-462000,Chi phí bán hàng,1016101280
1000,Jan 2023,1280,0064110190,CP Nhân viên,-693000,Chi phí bán hàng,1016101280
1000,Jan 2023,1280,0064110200,CP Nhân viên,-231000,Chi phí bán hàng,1016101280
1000,Jan 2023,1280,0064120120,CP vật liệu phụ,-3152371,Chi phí bán hàng,1016101280
1000,Jan 2023,1280,0064130140,CP CCDC,-683109,Chi phí bán hàng,1016101280
1000,Jan 2023,1280,0064171100,CP Thuê ngoài,-22786302,Chi phí bán hàng,1016101280
1000,Jan 2023,1280,0064173100,CP hành chính,-1500000,Chi phí bán hàng,1016101280
1000,Jan 2023,1280,0064173110,CP hành chính,-1034573,Chi phí bán hàng,1016101280
1000,Jan 2023,1280,0064173120,CP hành chính,-5500000,Chi phí bán hàng,1016101280
1000,Jan 2023,1280,0064173150,CP hành chính,-400000,Chi phí bán hàng,1016101280
1000,Jan 2023,1280,0064180110,CP Còn lại,-1896000,Chi phí bán hàng,1016101280
1000,Jan 2023,1280,0064180210,CP chuyển tiền,-11450735,Chi phí bán hàng,1016101280
1000,Jan 2023,1280,0064180340,CP Còn lại,-345700,Chi phí bán hàng,1016101280
1000,Jan 2023,1294,0064110100,CP Nhân viên,-89461609,Chi phí bán hàng,1019101294
1000,Jan 2023,1294,0064110110,CP Nhân viên,-5741371,Chi phí bán hàng,1019101294
1000,Jan 2023,1294,0064110120,CP Nhân viên,-54163183,Chi phí bán hàng,1019101294
1000,Jan 2023,1294,0064110130,CP Nhân viên,-62645020,Chi phí bán hàng,1019101294
1000,Jan 2023,1294,0064110150,CP Nhân viên,-9695000,Chi phí bán hàng,1019101294
1000,Jan 2023,1294,0064110160,CP Nhân viên,-800000,Chi phí bán hàng,1019101294
1000,Jan 2023,1294,0064110170,CP Nhân viên,-8571500,Chi phí bán hàng,1019101294
1000,Jan 2023,1294,0064110180,CP Nhân viên,-979600,Chi phí bán hàng,1019101294
1000,Jan 2023,1294,0064110190,CP Nhân viên,-1469400,Chi phí bán hàng,1019101294
1000,Jan 2023,1294,0064110200,CP Nhân viên,-489800,Chi phí bán hàng,1019101294
1000,Jan 2023,1294,0064120110,CP vật liệu phụ,-200000,Chi phí bán hàng,1019101294
1000,Jan 2023,1294,0064120120,CP vật liệu phụ,-14126426,Chi phí bán hàng,1019101294
1000,Jan 2023,1294,0064120130,CP vật liệu phụ,-1286000,Chi phí bán hàng,1019101294
1000,Jan 2023,1294,0064130140,CP CCDC,-2725547,Chi phí bán hàng,1019101294
1000,Jan 2023,1294,0064140110,CP KH TSCĐ,-2184722,Chi phí bán hàng,1019101294
1000,Jan 2023,1294,0064140130,CP KH TSCĐ,-17794578,Chi phí bán hàng,1019101294
1000,Jan 2023,1294,0064151100,CP Còn lại,-1836965,Chi phí bán hàng,1019101294
1000,Jan 2023,1294,0064171100,CP Thuê ngoài,-54450000,Chi phí bán hàng,1019101294
1000,Jan 2023,1294,0064173100,CP hành chính,-10402382,Chi phí bán hàng,1019101294
1000,Jan 2023,1294,0064173110,CP hành chính,-412023,Chi phí bán hàng,1019101294
1000,Jan 2023,1294,0064180110,CP Còn lại,-140000,Chi phí bán hàng,1019101294
1000,Jan 2023,1294,0064180210,CP chuyển tiền,-26386488,Chi phí bán hàng,1019101294
1000,Jan 2023,1294,0064180340,CP Còn lại,-1406720,Chi phí bán hàng,1019101294
1000,Jan 2023,1295,0064110100,CP Nhân viên,-35099307,Chi phí bán hàng,1019101295
1000,Jan 2023,1295,0064110110,CP Nhân viên,-2401439,Chi phí bán hàng,1019101295
1000,Jan 2023,1295,0064110120,CP Nhân viên,-21250346,Chi phí bán hàng,1019101295
1000,Jan 2023,1295,0064110130,CP Nhân viên,-22306434,Chi phí bán hàng,1019101295
1000,Jan 2023,1295,0064110150,CP Nhân viên,-4445000,Chi phí bán hàng,1019101295
1000,Jan 2023,1295,0064110170,CP Nhân viên,-3150000,Chi phí bán hàng,1019101295
1000,Jan 2023,1295,0064110180,CP Nhân viên,-360000,Chi phí bán hàng,1019101295
1000,Jan 2023,1295,0064110190,CP Nhân viên,-540000,Chi phí bán hàng,1019101295
1000,Jan 2023,1295,0064110200,CP Nhân viên,-180000,Chi phí bán hàng,1019101295
1000,Jan 2023,1295,0064120120,CP vật liệu phụ,-1656328,Chi phí bán hàng,1019101295
1000,Jan 2023,1295,0064120140,CP vật liệu phụ,-2657187,Chi phí bán hàng,1019101295
1000,Jan 2023,1295,0064130110,CP CCDC,-125000,Chi phí bán hàng,1019101295
1000,Jan 2023,1295,0064130140,CP CCDC,-2142000,Chi phí bán hàng,1019101295
1000,Jan 2023,1295,0064171100,CP Thuê ngoài,-16492760,Chi phí bán hàng,1019101295
1000,Jan 2023,1295,0064173100,CP hành chính,-1435190,Chi phí bán hàng,1019101295
1000,Jan 2023,1295,0064180210,CP chuyển tiền,-8071426,Chi phí bán hàng,1019101295
1000,Jan 2023,1295,0064180340,CP Còn lại,-239512,Chi phí bán hàng,1019101295
1000,Jan 2023,1307,0064110100,CP Nhân viên,-47821838,Chi phí bán hàng,1025101307
1000,Jan 2023,1307,0064110110,CP Nhân viên,-2726300,Chi phí bán hàng,1025101307
1000,Jan 2023,1307,0064110120,CP Nhân viên,-28953011,Chi phí bán hàng,1025101307
1000,Jan 2023,1307,0064110130,CP Nhân viên,-13453460,Chi phí bán hàng,1025101307
1000,Jan 2023,1307,0064110150,CP Nhân viên,-4480000,Chi phí bán hàng,1025101307
1000,Jan 2023,1307,0064110170,CP Nhân viên,-4434500,Chi phí bán hàng,1025101307
1000,Jan 2023,1307,0064110180,CP Nhân viên,-506800,Chi phí bán hàng,1025101307
1000,Jan 2023,1307,0064110190,CP Nhân viên,-760200,Chi phí bán hàng,1025101307
1000,Jan 2023,1307,0064110200,CP Nhân viên,-253400,Chi phí bán hàng,1025101307
1000,Jan 2023,1307,0064120120,CP vật liệu phụ,-2414907,Chi phí bán hàng,1025101307
1000,Jan 2023,1307,0064120130,CP vật liệu phụ,-300000,Chi phí bán hàng,1025101307
1000,Jan 2023,1307,0064151100,CP Còn lại,-188929,Chi phí bán hàng,1025101307
1000,Jan 2023,1307,0064171100,CP Thuê ngoài,-79344091,Chi phí bán hàng,1025101307
1000,Jan 2023,1307,0064173100,CP hành chính,-2497037,Chi phí bán hàng,1025101307
1000,Jan 2023,1307,0064173110,CP hành chính,-300000,Chi phí bán hàng,1025101307
1000,Jan 2023,1307,0064180210,CP chuyển tiền,-6666350,Chi phí bán hàng,1025101307
1000,Jan 2023,1307,0064180340,CP Còn lại,-56578,Chi phí bán hàng,1025101307
1000,Jan 2023,1308,0064110100,CP Nhân viên,-41911826,Chi phí bán hàng,1025101308
1000,Jan 2023,1308,0064110110,CP Nhân viên,-3121656,Chi phí bán hàng,1025101308
1000,Jan 2023,1308,0064110120,CP Nhân viên,-25374883,Chi phí bán hàng,1025101308
1000,Jan 2023,1308,0064110130,CP Nhân viên,-899689,Chi phí bán hàng,1025101308
1000,Jan 2023,1308,0064110150,CP Nhân viên,-4340000,Chi phí bán hàng,1025101308
1000,Jan 2023,1308,0064110170,CP Nhân viên,-3654000,Chi phí bán hàng,1025101308
1000,Jan 2023,1308,0064110180,CP Nhân viên,-417600,Chi phí bán hàng,1025101308
1000,Jan 2023,1308,0064110190,CP Nhân viên,-626400,Chi phí bán hàng,1025101308
1000,Jan 2023,1308,0064110200,CP Nhân viên,-208800,Chi phí bán hàng,1025101308
1000,Jan 2023,1308,0064120120,CP vật liệu phụ,-2861001,Chi phí bán hàng,1025101308
1000,Jan 2023,1308,0064120130,CP vật liệu phụ,-70000,Chi phí bán hàng,1025101308
1000,Jan 2023,1308,0064120140,CP vật liệu phụ,-2228462,Chi phí bán hàng,1025101308
1000,Jan 2023,1308,0064151100,CP Còn lại,-136209,Chi phí bán hàng,1025101308
1000,Jan 2023,1308,0064171100,CP Thuê ngoài,-25988875,Chi phí bán hàng,1025101308
1000,Jan 2023,1308,0064173100,CP hành chính,-1985867,Chi phí bán hàng,1025101308
1000,Jan 2023,1308,0064173110,CP hành chính,-300000,Chi phí bán hàng,1025101308
1000,Jan 2023,1308,0064173170,CP hành chính,-55000,Chi phí bán hàng,1025101308
1000,Jan 2023,1308,0064180210,CP chuyển tiền,-7009723,Chi phí bán hàng,1025101308
1000,Jan 2023,1308,0064180340,CP Còn lại,-146574,Chi phí bán hàng,1025101308
1000,Jan 2023,1314,0064110100,CP Nhân viên,-84923666,Chi phí bán hàng,1027101314
1000,Jan 2023,1314,0064110110,CP Nhân viên,-5829178,Chi phí bán hàng,1027101314
1000,Jan 2023,1314,0064110120,CP Nhân viên,-51415754,Chi phí bán hàng,1027101314
1000,Jan 2023,1314,0064110130,CP Nhân viên,-65994882,Chi phí bán hàng,1027101314
1000,Jan 2023,1314,0064110150,CP Nhân viên,-9030000,Chi phí bán hàng,1027101314
1000,Jan 2023,1314,0064110160,CP Nhân viên,-1000000,Chi phí bán hàng,1027101314
1000,Jan 2023,1314,0064110170,CP Nhân viên,-8046500,Chi phí bán hàng,1027101314
1000,Jan 2023,1314,0064110180,CP Nhân viên,-919600,Chi phí bán hàng,1027101314
1000,Jan 2023,1314,0064110190,CP Nhân viên,-1379400,Chi phí bán hàng,1027101314
1000,Jan 2023,1314,0064110200,CP Nhân viên,-459800,Chi phí bán hàng,1027101314
1000,Jan 2023,1314,0064120120,CP vật liệu phụ,-11241083,Chi phí bán hàng,1027101314
1000,Jan 2023,1314,0064120130,CP vật liệu phụ,-308600,Chi phí bán hàng,1027101314
1000,Jan 2023,1314,0064120140,CP vật liệu phụ,-5881176,Chi phí bán hàng,1027101314
1000,Jan 2023,1314,0064130140,CP CCDC,-1979618,Chi phí bán hàng,1027101314
1000,Jan 2023,1314,0064151100,CP Còn lại,-2360319,Chi phí bán hàng,1027101314
1000,Jan 2023,1314,0064171100,CP Thuê ngoài,-61600000,Chi phí bán hàng,1027101314
1000,Jan 2023,1314,0064172110,"CP sửa chữa, bảo trì",-300000,Chi phí bán hàng,1027101314
1000,Jan 2023,1314,0064173100,CP hành chính,-7712049,Chi phí bán hàng,1027101314
1000,Jan 2023,1314,0064173110,CP hành chính,-1380759,Chi phí bán hàng,1027101314
1000,Jan 2023,1314,0064173150,CP hành chính,-340000,Chi phí bán hàng,1027101314
1000,Jan 2023,1314,0064180110,CP Còn lại,-1105000,Chi phí bán hàng,1027101314
1000,Jan 2023,1314,0064180210,CP chuyển tiền,-24292443,Chi phí bán hàng,1027101314
1000,Jan 2023,1314,0064180340,CP Còn lại,-731040,Chi phí bán hàng,1027101314
1000,Jan 2023,1316,0064110100,CP Nhân viên,-120319800,Chi phí bán hàng,1028101316
1000,Jan 2023,1316,0064110110,CP Nhân viên,-8314791,Chi phí bán hàng,1028101316
1000,Jan 2023,1316,0064110120,CP Nhân viên,-72845810,Chi phí bán hàng,1028101316
1000,Jan 2023,1316,0064110130,CP Nhân viên,-95630095,Chi phí bán hàng,1028101316
1000,Jan 2023,1316,0064110150,CP Nhân viên,-12005000,Chi phí bán hàng,1028101316
1000,Jan 2023,1316,0064110160,CP Nhân viên,-1000000,Chi phí bán hàng,1028101316
1000,Jan 2023,1316,0064110170,CP Nhân viên,-13279000,Chi phí bán hàng,1028101316
1000,Jan 2023,1316,0064110180,CP Nhân viên,-1517600,Chi phí bán hàng,1028101316
1000,Jan 2023,1316,0064110190,CP Nhân viên,-2276400,Chi phí bán hàng,1028101316
1000,Jan 2023,1316,0064110200,CP Nhân viên,-758800,Chi phí bán hàng,1028101316
1000,Jan 2023,1316,0064120120,CP vật liệu phụ,-15221241,Chi phí bán hàng,1028101316
1000,Jan 2023,1316,0064120130,CP vật liệu phụ,-1207589,Chi phí bán hàng,1028101316
1000,Jan 2023,1316,0064120140,CP vật liệu phụ,-11938393,Chi phí bán hàng,1028101316
1000,Jan 2023,1316,0064130110,CP CCDC,-1508374,Chi phí bán hàng,1028101316
1000,Jan 2023,1316,0064130130,CP CCDC,-4070458,Chi phí bán hàng,1028101316
1000,Jan 2023,1316,0064130140,CP CCDC,-42792968,Chi phí bán hàng,1028101316
1000,Jan 2023,1316,0064140130,CP KH TSCĐ,-4400000,Chi phí bán hàng,1028101316
1000,Jan 2023,1316,0064151100,CP Còn lại,-2484763,Chi phí bán hàng,1028101316
1000,Jan 2023,1316,0064171100,CP Thuê ngoài,-89134000,Chi phí bán hàng,1028101316
1000,Jan 2023,1316,0064172100,"CP sửa chữa, bảo trì",-40660696,Chi phí bán hàng,1028101316
1000,Jan 2023,1316,0064173100,CP hành chính,-9861097,Chi phí bán hàng,1028101316
1000,Jan 2023,1316,0064173110,CP hành chính,-1200952,Chi phí bán hàng,1028101316
1000,Jan 2023,1316,0064173190,CP Còn lại,-41694,Chi phí bán hàng,1028101316
1000,Jan 2023,1316,0064180110,CP Còn lại,-1885000,Chi phí bán hàng,1028101316
1000,Jan 2023,1316,0064180210,CP chuyển tiền,-23451923,Chi phí bán hàng,1028101316
1000,Jan 2023,1316,0064180340,CP Còn lại,-2520786,Chi phí bán hàng,1028101316
1000,Jan 2023,1317,0064110100,CP Nhân viên,-66673423,Chi phí bán hàng,1028101317
1000,Jan 2023,1317,0064110110,CP Nhân viên,-3959450,Chi phí bán hàng,1028101317
1000,Jan 2023,1317,0064110120,CP Nhân viên,-40366419,Chi phí bán hàng,1028101317
1000,Jan 2023,1317,0064110130,CP Nhân viên,-2575658,Chi phí bán hàng,1028101317
1000,Jan 2023,1317,0064110150,CP Nhân viên,-5635000,Chi phí bán hàng,1028101317
1000,Jan 2023,1317,0064110170,CP Nhân viên,-5995500,Chi phí bán hàng,1028101317
1000,Jan 2023,1317,0064110180,CP Nhân viên,-685200,Chi phí bán hàng,1028101317
1000,Jan 2023,1317,0064110190,CP Nhân viên,-1027800,Chi phí bán hàng,1028101317
1000,Jan 2023,1317,0064110200,CP Nhân viên,-342600,Chi phí bán hàng,1028101317
1000,Jan 2023,1317,0064120120,CP vật liệu phụ,-9690688,Chi phí bán hàng,1028101317
1000,Jan 2023,1317,0064120130,CP vật liệu phụ,-964680,Chi phí bán hàng,1028101317
1000,Jan 2023,1317,0064171100,CP Thuê ngoài,-44271118,Chi phí bán hàng,1028101317
1000,Jan 2023,1317,0064172110,"CP sửa chữa, bảo trì",-570000,Chi phí bán hàng,1028101317
1000,Jan 2023,1317,0064173100,CP hành chính,-2656390,Chi phí bán hàng,1028101317
1000,Jan 2023,1317,0064173110,CP hành chính,-705066,Chi phí bán hàng,1028101317
1000,Jan 2023,1317,0064173150,CP hành chính,-400000,Chi phí bán hàng,1028101317
1000,Jan 2023,1317,0064180210,CP chuyển tiền,-13402633,Chi phí bán hàng,1028101317
1000,Jan 2023,1317,0064180340,CP Còn lại,-1042598,Chi phí bán hàng,1028101317
1000,Jan 2023,1318,0064110100,CP Nhân viên,-36316900,Chi phí bán hàng,1050101318
1000,Jan 2023,1318,0064110110,CP Nhân viên,-2080820,Chi phí bán hàng,1050101318
1000,Jan 2023,1318,0064110120,CP Nhân viên,-21987520,Chi phí bán hàng,1050101318
1000,Jan 2023,1318,0064110130,CP Nhân viên,-29103900,Chi phí bán hàng,1050101318
1000,Jan 2023,1318,0064110150,CP Nhân viên,-4200000,Chi phí bán hàng,1050101318
1000,Jan 2023,1318,0064110170,CP Nhân viên,-3902500,Chi phí bán hàng,1050101318
1000,Jan 2023,1318,0064110180,CP Nhân viên,-446000,Chi phí bán hàng,1050101318
1000,Jan 2023,1318,0064110190,CP Nhân viên,-669000,Chi phí bán hàng,1050101318
1000,Jan 2023,1318,0064110200,CP Nhân viên,-223000,Chi phí bán hàng,1050101318
1000,Jan 2023,1318,0064120120,CP vật liệu phụ,-4232885,Chi phí bán hàng,1050101318
1000,Jan 2023,1318,0064120130,CP vật liệu phụ,-372334,Chi phí bán hàng,1050101318
1000,Jan 2023,1318,0064130110,CP CCDC,-253000,Chi phí bán hàng,1050101318
1000,Jan 2023,1318,0064130130,CP CCDC,-3379751,Chi phí bán hàng,1050101318
1000,Jan 2023,1318,0064171100,CP Thuê ngoài,-24871000,Chi phí bán hàng,1050101318
1000,Jan 2023,1318,0064172110,"CP sửa chữa, bảo trì",-10573929,Chi phí bán hàng,1050101318
1000,Jan 2023,1318,0064173100,CP hành chính,-1578192,Chi phí bán hàng,1050101318
1000,Jan 2023,1318,0064173110,CP hành chính,-393550,Chi phí bán hàng,1050101318
1000,Jan 2023,1318,0064173150,CP hành chính,-392700,Chi phí bán hàng,1050101318
1000,Jan 2023,1318,0064173190,CP Còn lại,-41040,Chi phí bán hàng,1050101318
1000,Jan 2023,1318,0064180210,CP chuyển tiền,-9466228,Chi phí bán hàng,1050101318
1000,Jan 2023,1318,0064180340,CP Còn lại,-210488,Chi phí bán hàng,1050101318
1000,Jan 2023,1329,0064110100,CP Nhân viên,-42610917,Chi phí bán hàng,1035101329
1000,Jan 2023,1329,0064110110,CP Nhân viên,-2590412,Chi phí bán hàng,1035101329
1000,Jan 2023,1329,0064110120,CP Nhân viên,-25798138,Chi phí bán hàng,1035101329
1000,Jan 2023,1329,0064110130,CP Nhân viên,-27913802,Chi phí bán hàng,1035101329
1000,Jan 2023,1329,0064110150,CP Nhân viên,-4480000,Chi phí bán hàng,1035101329
1000,Jan 2023,1329,0064110170,CP Nhân viên,-4042500,Chi phí bán hàng,1035101329
1000,Jan 2023,1329,0064110180,CP Nhân viên,-462000,Chi phí bán hàng,1035101329
1000,Jan 2023,1329,0064110190,CP Nhân viên,-693000,Chi phí bán hàng,1035101329
1000,Jan 2023,1329,0064110200,CP Nhân viên,-231000,Chi phí bán hàng,1035101329
1000,Jan 2023,1329,0064120120,CP vật liệu phụ,-3805219,Chi phí bán hàng,1035101329
1000,Jan 2023,1329,0064130140,CP CCDC,-2310750,Chi phí bán hàng,1035101329
1000,Jan 2023,1329,0064171100,CP Thuê ngoài,-27103250,Chi phí bán hàng,1035101329
1000,Jan 2023,1329,0064173100,CP hành chính,-2652701,Chi phí bán hàng,1035101329
1000,Jan 2023,1329,0064173110,CP hành chính,-829978,Chi phí bán hàng,1035101329
1000,Jan 2023,1329,0064173120,CP hành chính,-5500000,Chi phí bán hàng,1035101329
1000,Jan 2023,1329,0064173170,CP hành chính,-300003,Chi phí bán hàng,1035101329
1000,Jan 2023,1329,0064180210,CP chuyển tiền,-5148690,Chi phí bán hàng,1035101329
1000,Jan 2023,1329,0064180340,CP Còn lại,-90369,Chi phí bán hàng,1035101329
1000,Jan 2023,1329,0064252100,CP Còn lại,-1000000,Chi phí quản lý,1035101329
1000,Jan 2023,1330,0064110100,CP Nhân viên,-92014264,Chi phí bán hàng,1035101330
1000,Jan 2023,1330,0064110110,CP Nhân viên,-6037799,Chi phí bán hàng,1035101330
1000,Jan 2023,1330,0064110120,CP Nhân viên,-55708649,Chi phí bán hàng,1035101330
1000,Jan 2023,1330,0064110130,CP Nhân viên,-93889462,Chi phí bán hàng,1035101330
1000,Jan 2023,1330,0064110150,CP Nhân viên,-10640000,Chi phí bán hàng,1035101330
1000,Jan 2023,1330,0064110160,CP Nhân viên,-1000000,Chi phí bán hàng,1035101330
1000,Jan 2023,1330,0064110170,CP Nhân viên,-9415000,Chi phí bán hàng,1035101330
1000,Jan 2023,1330,0064110180,CP Nhân viên,-1076000,Chi phí bán hàng,1035101330
1000,Jan 2023,1330,0064110190,CP Nhân viên,-1614000,Chi phí bán hàng,1035101330
1000,Jan 2023,1330,0064110200,CP Nhân viên,-538000,Chi phí bán hàng,1035101330
1000,Jan 2023,1330,0064120120,CP vật liệu phụ,-12873343,Chi phí bán hàng,1035101330
1000,Jan 2023,1330,0064120130,CP vật liệu phụ,-787103,Chi phí bán hàng,1035101330
1000,Jan 2023,1330,0064120140,CP vật liệu phụ,-3729645,Chi phí bán hàng,1035101330
1000,Jan 2023,1330,0064130100,CP CCDC,-5850082,Chi phí bán hàng,1035101330
1000,Jan 2023,1330,0064130130,CP CCDC,-5045599,Chi phí bán hàng,1035101330
1000,Jan 2023,1330,0064130140,CP CCDC,-15635508,Chi phí bán hàng,1035101330
1000,Jan 2023,1330,0064140130,CP KH TSCĐ,-2217300,Chi phí bán hàng,1035101330
1000,Jan 2023,1330,0064151100,CP Còn lại,-434606,Chi phí bán hàng,1035101330
1000,Jan 2023,1330,0064171100,CP Thuê ngoài,-43888890,Chi phí bán hàng,1035101330
1000,Jan 2023,1330,0064172100,"CP sửa chữa, bảo trì",-79815733,Chi phí bán hàng,1035101330
1000,Jan 2023,1330,0064173100,CP hành chính,-10781410,Chi phí bán hàng,1035101330
1000,Jan 2023,1330,0064173110,CP hành chính,-540818,Chi phí bán hàng,1035101330
1000,Jan 2023,1330,0064173150,CP hành chính,-280500,Chi phí bán hàng,1035101330
1000,Jan 2023,1330,0064173160,CP hành chính,-3156890,Chi phí bán hàng,1035101330
1000,Jan 2023,1330,0064173190,CP Còn lại,-205200,Chi phí bán hàng,1035101330
1000,Jan 2023,1330,0064180210,CP chuyển tiền,-15239665,Chi phí bán hàng,1035101330
1000,Jan 2023,1330,0064180340,CP Còn lại,-1544992,Chi phí bán hàng,1035101330
1000,Jan 2023,1330,0064252100,CP Còn lại,-1000000,Chi phí quản lý,1035101330
1000,Jan 2023,1370,0064110100,CP Nhân viên,-97017133,Chi phí bán hàng,1015101370
1000,Jan 2023,1370,0064110110,CP Nhân viên,-5928220,Chi phí bán hàng,1015101370
1000,Jan 2023,1370,0064110120,CP Nhân viên,-58737561,Chi phí bán hàng,1015101370
1000,Jan 2023,1370,0064110130,CP Nhân viên,-88087880,Chi phí bán hàng,1015101370
1000,Jan 2023,1370,0064110150,CP Nhân viên,-10675000,Chi phí bán hàng,1015101370
1000,Jan 2023,1370,0064110160,CP Nhân viên,-1000000,Chi phí bán hàng,1015101370
1000,Jan 2023,1370,0064110170,CP Nhân viên,-10430000,Chi phí bán hàng,1015101370
1000,Jan 2023,1370,0064110180,CP Nhân viên,-1192000,Chi phí bán hàng,1015101370
1000,Jan 2023,1370,0064110190,CP Nhân viên,-1788000,Chi phí bán hàng,1015101370
1000,Jan 2023,1370,0064110200,CP Nhân viên,-596000,Chi phí bán hàng,1015101370
1000,Jan 2023,1370,0064120120,CP vật liệu phụ,-11467988,Chi phí bán hàng,1015101370
1000,Jan 2023,1370,0064120130,CP vật liệu phụ,-730125,Chi phí bán hàng,1015101370
1000,Jan 2023,1370,0064140110,CP KH TSCĐ,-895833,Chi phí bán hàng,1015101370
1000,Jan 2023,1370,0064171100,CP Thuê ngoài,-24490400,Chi phí bán hàng,1015101370
1000,Jan 2023,1370,0064173100,CP hành chính,-6763391,Chi phí bán hàng,1015101370
1000,Jan 2023,1370,0064173110,CP hành chính,-940861,Chi phí bán hàng,1015101370
1000,Jan 2023,1370,0064173150,CP hành chính,-726000,Chi phí bán hàng,1015101370
1000,Jan 2023,1370,0064180210,CP chuyển tiền,-44172272,Chi phí bán hàng,1015101370
1000,Jan 2023,1370,0064180340,CP Còn lại,-2118866,Chi phí bán hàng,1015101370
1000,Jan 2023,1373,0064110100,CP Nhân viên,-95210121,Chi phí bán hàng,1025101373
1000,Jan 2023,1373,0064110110,CP Nhân viên,-8314791,Chi phí bán hàng,1025101373
1000,Jan 2023,1373,0064110120,CP Nhân viên,-57643533,Chi phí bán hàng,1025101373
1000,Jan 2023,1373,0064110130,CP Nhân viên,-9072691,Chi phí bán hàng,1025101373
1000,Jan 2023,1373,0064110150,CP Nhân viên,-11445000,Chi phí bán hàng,1025101373
1000,Jan 2023,1373,0064110160,CP Nhân viên,-1000000,Chi phí bán hàng,1025101373
1000,Jan 2023,1373,0064110170,CP Nhân viên,-10818500,Chi phí bán hàng,1025101373
1000,Jan 2023,1373,0064110180,CP Nhân viên,-1236400,Chi phí bán hàng,1025101373
1000,Jan 2023,1373,0064110190,CP Nhân viên,-1854600,Chi phí bán hàng,1025101373
1000,Jan 2023,1373,0064110200,CP Nhân viên,-618200,Chi phí bán hàng,1025101373
1000,Jan 2023,1373,0064120120,CP vật liệu phụ,-7652896,Chi phí bán hàng,1025101373
1000,Jan 2023,1373,0064120130,CP vật liệu phụ,-451000,Chi phí bán hàng,1025101373
1000,Jan 2023,1373,0064130100,CP CCDC,-15223799,Chi phí bán hàng,1025101373
1000,Jan 2023,1373,0064130140,CP CCDC,-1369951,Chi phí bán hàng,1025101373
1000,Jan 2023,1373,0064140110,CP KH TSCĐ,-3323692,Chi phí bán hàng,1025101373
1000,Jan 2023,1373,0064140130,CP KH TSCĐ,-11573833,Chi phí bán hàng,1025101373
1000,Jan 2023,1373,0064151100,CP Còn lại,-906579,Chi phí bán hàng,1025101373
1000,Jan 2023,1373,0064171100,CP Thuê ngoài,-155880000,Chi phí bán hàng,1025101373
1000,Jan 2023,1373,0064172110,"CP sửa chữa, bảo trì",-126000,Chi phí bán hàng,1025101373
1000,Jan 2023,1373,0064173100,CP hành chính,-16274266,Chi phí bán hàng,1025101373
1000,Jan 2023,1373,0064173110,CP hành chính,-5180329,Chi phí bán hàng,1025101373
1000,Jan 2023,1373,0064180110,CP Còn lại,-980000,Chi phí bán hàng,1025101373
1000,Jan 2023,1373,0064180210,CP chuyển tiền,-57401305,Chi phí bán hàng,1025101373
1000,Jan 2023,1373,0064180340,CP Còn lại,-1197812,Chi phí bán hàng,1025101373
1000,Jan 2023,1376,0064110100,CP Nhân viên,-94925318,Chi phí bán hàng,1051101376
1000,Jan 2023,1376,0064110110,CP Nhân viên,-6273339,Chi phí bán hàng,1051101376
1000,Jan 2023,1376,0064110120,CP Nhân viên,-57471103,Chi phí bán hàng,1051101376
1000,Jan 2023,1376,0064110130,CP Nhân viên,-79140117,Chi phí bán hàng,1051101376
1000,Jan 2023,1376,0064110150,CP Nhân viên,-10745000,Chi phí bán hàng,1051101376
1000,Jan 2023,1376,0064110160,CP Nhân viên,-1000000,Chi phí bán hàng,1051101376
1000,Jan 2023,1376,0064110170,CP Nhân viên,-9380000,Chi phí bán hàng,1051101376
1000,Jan 2023,1376,0064110180,CP Nhân viên,-1072000,Chi phí bán hàng,1051101376
1000,Jan 2023,1376,0064110190,CP Nhân viên,-1608000,Chi phí bán hàng,1051101376
1000,Jan 2023,1376,0064110200,CP Nhân viên,-536000,Chi phí bán hàng,1051101376
1000,Jan 2023,1376,0064120120,CP vật liệu phụ,-15000128,Chi phí bán hàng,1051101376
1000,Jan 2023,1376,0064120130,CP vật liệu phụ,-659048,Chi phí bán hàng,1051101376
1000,Jan 2023,1376,0064130100,CP CCDC,-2233016,Chi phí bán hàng,1051101376
1000,Jan 2023,1376,0064130110,CP CCDC,-1331000,Chi phí bán hàng,1051101376
1000,Jan 2023,1376,0064130140,CP CCDC,-3104500,Chi phí bán hàng,1051101376
1000,Jan 2023,1376,0064140110,CP KH TSCĐ,-396667,Chi phí bán hàng,1051101376
1000,Jan 2023,1376,0064151100,CP Còn lại,-3215451,Chi phí bán hàng,1051101376
1000,Jan 2023,1376,0064171100,CP Thuê ngoài,-75000000,Chi phí bán hàng,1051101376
1000,Jan 2023,1376,0064173100,CP hành chính,-10791371,Chi phí bán hàng,1051101376
1000,Jan 2023,1376,0064173110,CP hành chính,-992999,Chi phí bán hàng,1051101376
1000,Jan 2023,1376,0064173150,CP hành chính,-264000,Chi phí bán hàng,1051101376
1000,Jan 2023,1376,0064173190,CP Còn lại,-102600,Chi phí bán hàng,1051101376
1000,Jan 2023,1376,0064180110,CP Còn lại,-1490000,Chi phí bán hàng,1051101376
1000,Jan 2023,1376,0064180210,CP chuyển tiền,-13575412,Chi phí bán hàng,1051101376
1000,Jan 2023,1376,0064180340,CP Còn lại,-1409010,Chi phí bán hàng,1051101376
1000,Jan 2023,1376,0064252100,CP Còn lại,-1000000,Chi phí quản lý,1051101376
1000,Jan 2023,1401,0064110100,CP Nhân viên,-84426276,Chi phí bán hàng,1016101401
1000,Jan 2023,1401,0064110110,CP Nhân viên,-5843289,Chi phí bán hàng,1016101401
1000,Jan 2023,1401,0064110120,CP Nhân viên,-51114616,Chi phí bán hàng,1016101401
1000,Jan 2023,1401,0064110130,CP Nhân viên,-2692229,Chi phí bán hàng,1016101401
1000,Jan 2023,1401,0064110150,CP Nhân viên,-9502500,Chi phí bán hàng,1016101401
1000,Jan 2023,1401,0064110160,CP Nhân viên,-1000000,Chi phí bán hàng,1016101401
1000,Jan 2023,1401,0064110170,CP Nhân viên,-8697500,Chi phí bán hàng,1016101401
1000,Jan 2023,1401,0064110180,CP Nhân viên,-994000,Chi phí bán hàng,1016101401
1000,Jan 2023,1401,0064110190,CP Nhân viên,-1491000,Chi phí bán hàng,1016101401
1000,Jan 2023,1401,0064110200,CP Nhân viên,-497000,Chi phí bán hàng,1016101401
1000,Jan 2023,1401,0064120120,CP vật liệu phụ,-5634781,Chi phí bán hàng,1016101401
1000,Jan 2023,1401,0064120130,CP vật liệu phụ,-1432388,Chi phí bán hàng,1016101401
1000,Jan 2023,1401,0064130130,CP CCDC,-2300833,Chi phí bán hàng,1016101401
1000,Jan 2023,1401,0064130140,CP CCDC,-875000,Chi phí bán hàng,1016101401
1000,Jan 2023,1401,0064140110,CP KH TSCĐ,-1871504,Chi phí bán hàng,1016101401
1000,Jan 2023,1401,0064151100,CP Còn lại,-13000,Chi phí bán hàng,1016101401
1000,Jan 2023,1401,0064171100,CP Thuê ngoài,-94277782,Chi phí bán hàng,1016101401
1000,Jan 2023,1401,0064173100,CP hành chính,-6358311,Chi phí bán hàng,1016101401
1000,Jan 2023,1401,0064173110,CP hành chính,-835010,Chi phí bán hàng,1016101401
1000,Jan 2023,1401,0064173150,CP hành chính,-462000,Chi phí bán hàng,1016101401
1000,Jan 2023,1401,0064180110,CP Còn lại,-1945000,Chi phí bán hàng,1016101401
1000,Jan 2023,1401,0064180210,CP chuyển tiền,-10138746,Chi phí bán hàng,1016101401
1000,Jan 2023,1401,0064180340,CP Còn lại,-2187981,Chi phí bán hàng,1016101401
1000,Jan 2023,1402,0064110100,CP Nhân viên,-43850733,Chi phí bán hàng,1050101402
1000,Jan 2023,1402,0064110110,CP Nhân viên,-2760272,Chi phí bán hàng,1050101402
1000,Jan 2023,1402,0064110120,CP Nhân viên,-26548765,Chi phí bán hàng,1050101402
1000,Jan 2023,1402,0064110130,CP Nhân viên,-1055879,Chi phí bán hàng,1050101402
1000,Jan 2023,1402,0064110150,CP Nhân viên,-4655000,Chi phí bán hàng,1050101402
1000,Jan 2023,1402,0064110170,CP Nhân viên,-3962000,Chi phí bán hàng,1050101402
1000,Jan 2023,1402,0064110180,CP Nhân viên,-452800,Chi phí bán hàng,1050101402
1000,Jan 2023,1402,0064110190,CP Nhân viên,-679200,Chi phí bán hàng,1050101402
1000,Jan 2023,1402,0064110200,CP Nhân viên,-226400,Chi phí bán hàng,1050101402
1000,Jan 2023,1402,0064120120,CP vật liệu phụ,-1635750,Chi phí bán hàng,1050101402
1000,Jan 2023,1402,0064120130,CP vật liệu phụ,-132578,Chi phí bán hàng,1050101402
1000,Jan 2023,1402,0064130140,CP CCDC,-307519,Chi phí bán hàng,1050101402
1000,Jan 2023,1402,0064171100,CP Thuê ngoài,-52172340,Chi phí bán hàng,1050101402
1000,Jan 2023,1402,0064172110,"CP sửa chữa, bảo trì",-600000,Chi phí bán hàng,1050101402
1000,Jan 2023,1402,0064173100,CP hành chính,-4406475,Chi phí bán hàng,1050101402
1000,Jan 2023,1402,0064173110,CP hành chính,-1066297,Chi phí bán hàng,1050101402
1000,Jan 2023,1402,0064173150,CP hành chính,-392700,Chi phí bán hàng,1050101402
1000,Jan 2023,1402,0064173170,CP hành chính,-275000,Chi phí bán hàng,1050101402
1000,Jan 2023,1402,0064173180,CP Còn lại,-1000000,Chi phí bán hàng,1050101402
1000,Jan 2023,1402,0064173190,CP Còn lại,-82081,Chi phí bán hàng,1050101402
1000,Jan 2023,1402,0064180210,CP chuyển tiền,-5558369,Chi phí bán hàng,1050101402
1000,Jan 2023,1402,0064180340,CP Còn lại,-35826,Chi phí bán hàng,1050101402
1000,Jan 2023,1404,0064110100,CP Nhân viên,-82502541,Chi phí bán hàng,1028101404
1000,Jan 2023,1404,0064110110,CP Nhân viên,-5843289,Chi phí bán hàng,1028101404
1000,Jan 2023,1404,0064110120,CP Nhân viên,-49949920,Chi phí bán hàng,1028101404
1000,Jan 2023,1404,0064110130,CP Nhân viên,-4439977,Chi phí bán hàng,1028101404
1000,Jan 2023,1404,0064110150,CP Nhân viên,-8890000,Chi phí bán hàng,1028101404
1000,Jan 2023,1404,0064110160,CP Nhân viên,-800000,Chi phí bán hàng,1028101404
1000,Jan 2023,1404,0064110170,CP Nhân viên,-8015000,Chi phí bán hàng,1028101404
1000,Jan 2023,1404,0064110180,CP Nhân viên,-916000,Chi phí bán hàng,1028101404
1000,Jan 2023,1404,0064110190,CP Nhân viên,-1374000,Chi phí bán hàng,1028101404
1000,Jan 2023,1404,0064110200,CP Nhân viên,-458000,Chi phí bán hàng,1028101404
1000,Jan 2023,1404,0064120120,CP vật liệu phụ,-6387083,Chi phí bán hàng,1028101404
1000,Jan 2023,1404,0064120130,CP vật liệu phụ,-1600000,Chi phí bán hàng,1028101404
1000,Jan 2023,1404,0064130140,CP CCDC,-176047,Chi phí bán hàng,1028101404
1000,Jan 2023,1404,0064140110,CP KH TSCĐ,-3060139,Chi phí bán hàng,1028101404
1000,Jan 2023,1404,0064140130,CP KH TSCĐ,-509600,Chi phí bán hàng,1028101404
1000,Jan 2023,1404,0064151100,CP Còn lại,-505255,Chi phí bán hàng,1028101404
1000,Jan 2023,1404,0064171100,CP Thuê ngoài,-36300000,Chi phí bán hàng,1028101404
1000,Jan 2023,1404,0064173100,CP hành chính,-6936228,Chi phí bán hàng,1028101404
1000,Jan 2023,1404,0064173110,CP hành chính,-1219108,Chi phí bán hàng,1028101404
1000,Jan 2023,1404,0064180100,CP Còn lại,-1000000,Chi phí bán hàng,1028101404
1000,Jan 2023,1404,0064180210,CP chuyển tiền,-7393608,Chi phí bán hàng,1028101404
1000,Jan 2023,1404,0064180340,CP Còn lại,-2798969,Chi phí bán hàng,1028101404
1000,Jan 2023,1405,0064110100,CP Nhân viên,-41095275,Chi phí bán hàng,1025101405
1000,Jan 2023,1405,0064110110,CP Nhân viên,-2556437,Chi phí bán hàng,1025101405
1000,Jan 2023,1405,0064110120,CP Nhân viên,-24880515,Chi phí bán hàng,1025101405
1000,Jan 2023,1405,0064110130,CP Nhân viên,-21816297,Chi phí bán hàng,1025101405
1000,Jan 2023,1405,0064110150,CP Nhân viên,-4095000,Chi phí bán hàng,1025101405
1000,Jan 2023,1405,0064110170,CP Nhân viên,-4224500,Chi phí bán hàng,1025101405
1000,Jan 2023,1405,0064110180,CP Nhân viên,-482800,Chi phí bán hàng,1025101405
1000,Jan 2023,1405,0064110190,CP Nhân viên,-724200,Chi phí bán hàng,1025101405
1000,Jan 2023,1405,0064110200,CP Nhân viên,-241400,Chi phí bán hàng,1025101405
1000,Jan 2023,1405,0064120120,CP vật liệu phụ,-1595393,Chi phí bán hàng,1025101405
1000,Jan 2023,1405,0064120130,CP vật liệu phụ,-1295,Chi phí bán hàng,1025101405
1000,Jan 2023,1405,0064140130,CP KH TSCĐ,-487500,Chi phí bán hàng,1025101405
1000,Jan 2023,1405,0064171100,CP Thuê ngoài,-32343300,Chi phí bán hàng,1025101405
1000,Jan 2023,1405,0064173100,CP hành chính,-1346907,Chi phí bán hàng,1025101405
1000,Jan 2023,1405,0064173110,CP hành chính,-300000,Chi phí bán hàng,1025101405
1000,Jan 2023,1405,0064173150,CP hành chính,-858000,Chi phí bán hàng,1025101405
1000,Jan 2023,1405,0064173170,CP hành chính,-250003,Chi phí bán hàng,1025101405
1000,Jan 2023,1405,0064180210,CP chuyển tiền,-12742835,Chi phí bán hàng,1025101405
1000,Jan 2023,1405,0064180340,CP Còn lại,-272413,Chi phí bán hàng,1025101405
1000,Jan 2023,1409,0064110100,CP Nhân viên,-35649999,Chi phí bán hàng,1011101409
1000,Jan 2023,1409,0064110110,CP Nhân viên,-2590412,Chi phí bán hàng,1011101409
1000,Jan 2023,1409,0064110120,CP Nhân viên,-21583755,Chi phí bán hàng,1011101409
1000,Jan 2023,1409,0064110130,CP Nhân viên,-699129,Chi phí bán hàng,1011101409
1000,Jan 2023,1409,0064110150,CP Nhân viên,-3675000,Chi phí bán hàng,1011101409
1000,Jan 2023,1409,0064110170,CP Nhân viên,-4042500,Chi phí bán hàng,1011101409
1000,Jan 2023,1409,0064110180,CP Nhân viên,-462000,Chi phí bán hàng,1011101409
1000,Jan 2023,1409,0064110190,CP Nhân viên,-693000,Chi phí bán hàng,1011101409
1000,Jan 2023,1409,0064110200,CP Nhân viên,-231000,Chi phí bán hàng,1011101409
1000,Jan 2023,1409,0064120120,CP vật liệu phụ,-2348033,Chi phí bán hàng,1011101409
1000,Jan 2023,1409,0064130140,CP CCDC,-627560,Chi phí bán hàng,1011101409
1000,Jan 2023,1409,0064171100,CP Thuê ngoài,-15611862,Chi phí bán hàng,1011101409
1000,Jan 2023,1409,0064172100,"CP sửa chữa, bảo trì",-1490960,Chi phí bán hàng,1011101409
1000,Jan 2023,1409,0064172110,"CP sửa chữa, bảo trì",-861000,Chi phí bán hàng,1011101409
1000,Jan 2023,1409,0064173110,CP hành chính,-294865,Chi phí bán hàng,1011101409
1000,Jan 2023,1409,0064173180,CP Còn lại,-2000000,Chi phí bán hàng,1011101409
1000,Jan 2023,1409,0064180110,CP Còn lại,-1539930,Chi phí bán hàng,1011101409
1000,Jan 2023,1409,0064180210,CP chuyển tiền,-1449429,Chi phí bán hàng,1011101409
1000,Jan 2023,1409,0064180340,CP Còn lại,-428752,Chi phí bán hàng,1011101409
1000,Jan 2023,1409,0064252100,CP Còn lại,-1000000,Chi phí quản lý,1011101409
1000,Jan 2023,1417,0064173110,CP hành chính,-363386,Chi phí bán hàng,1015101417
1000,Jan 2023,1417,0064173180,CP Còn lại,-3300000,Chi phí bán hàng,1015101417
1000,Jan 2023,1445,0064110100,CP Nhân viên,-87487844,Chi phí bán hàng,1019101445
1000,Jan 2023,1445,0064110110,CP Nhân viên,-6452145,Chi phí bán hàng,1019101445
1000,Jan 2023,1445,0064110120,CP Nhân viên,-52968197,Chi phí bán hàng,1019101445
1000,Jan 2023,1445,0064110130,CP Nhân viên,-56843119,Chi phí bán hàng,1019101445
1000,Jan 2023,1445,0064110150,CP Nhân viên,-9940000,Chi phí bán hàng,1019101445
1000,Jan 2023,1445,0064110160,CP Nhân viên,-800000,Chi phí bán hàng,1019101445
1000,Jan 2023,1445,0064110170,CP Nhân viên,-8799000,Chi phí bán hàng,1019101445
1000,Jan 2023,1445,0064110180,CP Nhân viên,-1005600,Chi phí bán hàng,1019101445
1000,Jan 2023,1445,0064110190,CP Nhân viên,-1508400,Chi phí bán hàng,1019101445
1000,Jan 2023,1445,0064110200,CP Nhân viên,-502800,Chi phí bán hàng,1019101445
1000,Jan 2023,1445,0064120120,CP vật liệu phụ,-5204974,Chi phí bán hàng,1019101445
1000,Jan 2023,1445,0064120130,CP vật liệu phụ,-1500000,Chi phí bán hàng,1019101445
1000,Jan 2023,1445,0064130140,CP CCDC,-1750596,Chi phí bán hàng,1019101445
1000,Jan 2023,1445,0064140110,CP KH TSCĐ,-528611,Chi phí bán hàng,1019101445
1000,Jan 2023,1445,0064151100,CP Còn lại,-961943,Chi phí bán hàng,1019101445
1000,Jan 2023,1445,0064171100,CP Thuê ngoài,-54525862,Chi phí bán hàng,1019101445
1000,Jan 2023,1445,0064172110,"CP sửa chữa, bảo trì",-600000,Chi phí bán hàng,1019101445
1000,Jan 2023,1445,0064173100,CP hành chính,-8436031,Chi phí bán hàng,1019101445
1000,Jan 2023,1445,0064173110,CP hành chính,-403659,Chi phí bán hàng,1019101445
1000,Jan 2023,1445,0064180110,CP Còn lại,-1080000,Chi phí bán hàng,1019101445
1000,Jan 2023,1445,0064180210,CP chuyển tiền,-24737636,Chi phí bán hàng,1019101445
1000,Jan 2023,1445,0064180340,CP Còn lại,-428832,Chi phí bán hàng,1019101445
1000,Jan 2023,1447,0064110100,CP Nhân viên,-89407919,Chi phí bán hàng,1025101447
1000,Jan 2023,1447,0064110110,CP Nhân viên,-6202788,Chi phí bán hàng,1025101447
1000,Jan 2023,1447,0064110120,CP Nhân viên,-54130677,Chi phí bán hàng,1025101447
1000,Jan 2023,1447,0064110130,CP Nhân viên,-4602181,Chi phí bán hàng,1025101447
1000,Jan 2023,1447,0064110150,CP Nhân viên,-9625000,Chi phí bán hàng,1025101447
1000,Jan 2023,1447,0064110160,CP Nhân viên,-1000000,Chi phí bán hàng,1025101447
1000,Jan 2023,1447,0064110170,CP Nhân viên,-9474500,Chi phí bán hàng,1025101447
1000,Jan 2023,1447,0064110180,CP Nhân viên,-1082800,Chi phí bán hàng,1025101447
1000,Jan 2023,1447,0064110190,CP Nhân viên,-1624200,Chi phí bán hàng,1025101447
1000,Jan 2023,1447,0064110200,CP Nhân viên,-541400,Chi phí bán hàng,1025101447
1000,Jan 2023,1447,0064120120,CP vật liệu phụ,-4299497,Chi phí bán hàng,1025101447
1000,Jan 2023,1447,0064120130,CP vật liệu phụ,-832031,Chi phí bán hàng,1025101447
1000,Jan 2023,1447,0064130140,CP CCDC,-3723382,Chi phí bán hàng,1025101447
1000,Jan 2023,1447,0064140110,CP KH TSCĐ,-3246988,Chi phí bán hàng,1025101447
1000,Jan 2023,1447,0064151100,CP Còn lại,-2178530,Chi phí bán hàng,1025101447
1000,Jan 2023,1447,0064171100,CP Thuê ngoài,-143000000,Chi phí bán hàng,1025101447
1000,Jan 2023,1447,0064173100,CP hành chính,-10000737,Chi phí bán hàng,1025101447
1000,Jan 2023,1447,0064173110,CP hành chính,-300000,Chi phí bán hàng,1025101447
1000,Jan 2023,1447,0064173190,CP Còn lại,-205200,Chi phí bán hàng,1025101447
1000,Jan 2023,1447,0064180210,CP chuyển tiền,-28708729,Chi phí bán hàng,1025101447
1000,Jan 2023,1447,0064180340,CP Còn lại,-1260651,Chi phí bán hàng,1025101447
1000,Jan 2023,1467,0064110100,CP Nhân viên,-36833071,Chi phí bán hàng,1027101467
1000,Jan 2023,1467,0064110110,CP Nhân viên,-2208220,Chi phí bán hàng,1027101467
1000,Jan 2023,1467,0064110120,CP Nhân viên,-22300028,Chi phí bán hàng,1027101467
1000,Jan 2023,1467,0064110130,CP Nhân viên,-15627306,Chi phí bán hàng,1027101467
1000,Jan 2023,1467,0064110150,CP Nhân viên,-3605000,Chi phí bán hàng,1027101467
1000,Jan 2023,1467,0064110170,CP Nhân viên,-3360000,Chi phí bán hàng,1027101467
1000,Jan 2023,1467,0064110180,CP Nhân viên,-384000,Chi phí bán hàng,1027101467
1000,Jan 2023,1467,0064110190,CP Nhân viên,-576000,Chi phí bán hàng,1027101467
1000,Jan 2023,1467,0064110200,CP Nhân viên,-192000,Chi phí bán hàng,1027101467
1000,Jan 2023,1467,0064120120,CP vật liệu phụ,-1846502,Chi phí bán hàng,1027101467
1000,Jan 2023,1467,0064120130,CP vật liệu phụ,-198919,Chi phí bán hàng,1027101467
1000,Jan 2023,1467,0064130130,CP CCDC,-104500,Chi phí bán hàng,1027101467
1000,Jan 2023,1467,0064151100,CP Còn lại,67905,Chi phí bán hàng,1027101467
1000,Jan 2023,1467,0064171100,CP Thuê ngoài,-26780600,Chi phí bán hàng,1027101467
1000,Jan 2023,1467,0064172110,"CP sửa chữa, bảo trì",-650000,Chi phí bán hàng,1027101467
1000,Jan 2023,1467,0064173100,CP hành chính,-2999881,Chi phí bán hàng,1027101467
1000,Jan 2023,1467,0064173110,CP hành chính,-653723,Chi phí bán hàng,1027101467
1000,Jan 2023,1467,0064173120,CP hành chính,-5500000,Chi phí bán hàng,1027101467
1000,Jan 2023,1467,0064173170,CP hành chính,-350004,Chi phí bán hàng,1027101467
1000,Jan 2023,1467,0064180110,CP Còn lại,-1995000,Chi phí bán hàng,1027101467
1000,Jan 2023,1467,0064180120,CP Marketing & Khuyến mãi,0,Chi phí bán hàng,1027101467
1000,Jan 2023,1467,0064180210,CP chuyển tiền,-1605340,Chi phí bán hàng,1027101467
1000,Jan 2023,1467,0064180340,CP Còn lại,-73160,Chi phí bán hàng,1027101467
1000,Jan 2023,1470,0064110100,CP Nhân viên,-43396642,Chi phí bán hàng,1025101470
1000,Jan 2023,1470,0064110110,CP Nhân viên,-2590412,Chi phí bán hàng,1025101470
1000,Jan 2023,1470,0064110120,CP Nhân viên,-26273843,Chi phí bán hàng,1025101470
1000,Jan 2023,1470,0064110130,CP Nhân viên,-27645627,Chi phí bán hàng,1025101470
1000,Jan 2023,1470,0064110150,CP Nhân viên,-4130000,Chi phí bán hàng,1025101470
1000,Jan 2023,1470,0064110170,CP Nhân viên,-4042500,Chi phí bán hàng,1025101470
1000,Jan 2023,1470,0064110180,CP Nhân viên,-462000,Chi phí bán hàng,1025101470
1000,Jan 2023,1470,0064110190,CP Nhân viên,-693000,Chi phí bán hàng,1025101470
1000,Jan 2023,1470,0064110200,CP Nhân viên,-231000,Chi phí bán hàng,1025101470
1000,Jan 2023,1470,0064120120,CP vật liệu phụ,-3397198,Chi phí bán hàng,1025101470
1000,Jan 2023,1470,0064120130,CP vật liệu phụ,-1000772,Chi phí bán hàng,1025101470
1000,Jan 2023,1470,0064130130,CP CCDC,-815833,Chi phí bán hàng,1025101470
1000,Jan 2023,1470,0064130140,CP CCDC,-681964,Chi phí bán hàng,1025101470
1000,Jan 2023,1470,0064171100,CP Thuê ngoài,-20396475,Chi phí bán hàng,1025101470
1000,Jan 2023,1470,0064173100,CP hành chính,-1975916,Chi phí bán hàng,1025101470
1000,Jan 2023,1470,0064173110,CP hành chính,-300000,Chi phí bán hàng,1025101470
1000,Jan 2023,1470,0064173120,CP hành chính,-5500000,Chi phí bán hàng,1025101470
1000,Jan 2023,1470,0064173150,CP hành chính,-400000,Chi phí bán hàng,1025101470
1000,Jan 2023,1470,0064173170,CP hành chính,-299998,Chi phí bán hàng,1025101470
1000,Jan 2023,1470,0064180210,CP chuyển tiền,-2745433,Chi phí bán hàng,1025101470
1000,Jan 2023,1470,0064180340,CP Còn lại,-463099,Chi phí bán hàng,1025101470
1000,Jan 2023,1473,0064110100,CP Nhân viên,-85245010,Chi phí bán hàng,1015101473
1000,Jan 2023,1473,0064110110,CP Nhân viên,-5764813,Chi phí bán hàng,1015101473
1000,Jan 2023,1473,0064110120,CP Nhân viên,-51610307,Chi phí bán hàng,1015101473
1000,Jan 2023,1473,0064110130,CP Nhân viên,-1599923,Chi phí bán hàng,1015101473
1000,Jan 2023,1473,0064110150,CP Nhân viên,-8575000,Chi phí bán hàng,1015101473
1000,Jan 2023,1473,0064110160,CP Nhân viên,-1000000,Chi phí bán hàng,1015101473
1000,Jan 2023,1473,0064110170,CP Nhân viên,-7941500,Chi phí bán hàng,1015101473
1000,Jan 2023,1473,0064110180,CP Nhân viên,-907600,Chi phí bán hàng,1015101473
1000,Jan 2023,1473,0064110190,CP Nhân viên,-1361400,Chi phí bán hàng,1015101473
1000,Jan 2023,1473,0064110200,CP Nhân viên,-453800,Chi phí bán hàng,1015101473
1000,Jan 2023,1473,0064120120,CP vật liệu phụ,-3868822,Chi phí bán hàng,1015101473
1000,Jan 2023,1473,0064120130,CP vật liệu phụ,-1078000,Chi phí bán hàng,1015101473
1000,Jan 2023,1473,0064130140,CP CCDC,-19289764,Chi phí bán hàng,1015101473
1000,Jan 2023,1473,0064130150,CP CCDC,-1650000,Chi phí bán hàng,1015101473
1000,Jan 2023,1473,0064140110,CP KH TSCĐ,-2041971,Chi phí bán hàng,1015101473
1000,Jan 2023,1473,0064151100,CP Còn lại,46426,Chi phí bán hàng,1015101473
1000,Jan 2023,1473,0064171100,CP Thuê ngoài,-55638888,Chi phí bán hàng,1015101473
1000,Jan 2023,1473,0064173100,CP hành chính,-10505288,Chi phí bán hàng,1015101473
1000,Jan 2023,1473,0064173110,CP hành chính,-795320,Chi phí bán hàng,1015101473
1000,Jan 2023,1473,0064173150,CP hành chính,-700000,Chi phí bán hàng,1015101473
1000,Jan 2023,1473,0064180210,CP chuyển tiền,-8002965,Chi phí bán hàng,1015101473
1000,Jan 2023,1473,0064180340,CP Còn lại,-1511084,Chi phí bán hàng,1015101473
1000,Jan 2023,1477,0064110100,CP Nhân viên,-50461802,Chi phí bán hàng,1025101477
1000,Jan 2023,1477,0064110110,CP Nhân viên,-3142464,Chi phí bán hàng,1025101477
1000,Jan 2023,1477,0064110120,CP Nhân viên,-30551338,Chi phí bán hàng,1025101477
1000,Jan 2023,1477,0064110130,CP Nhân viên,-24820586,Chi phí bán hàng,1025101477
1000,Jan 2023,1477,0064110150,CP Nhân viên,-4480000,Chi phí bán hàng,1025101477
1000,Jan 2023,1477,0064110170,CP Nhân viên,-4434500,Chi phí bán hàng,1025101477
1000,Jan 2023,1477,0064110180,CP Nhân viên,-506800,Chi phí bán hàng,1025101477
1000,Jan 2023,1477,0064110190,CP Nhân viên,-760200,Chi phí bán hàng,1025101477
1000,Jan 2023,1477,0064110200,CP Nhân viên,-253400,Chi phí bán hàng,1025101477
1000,Jan 2023,1477,0064120120,CP vật liệu phụ,-2956165,Chi phí bán hàng,1025101477
1000,Jan 2023,1477,0064130140,CP CCDC,-2823964,Chi phí bán hàng,1025101477
1000,Jan 2023,1477,0064171100,CP Thuê ngoài,-107453371,Chi phí bán hàng,1025101477
1000,Jan 2023,1477,0064173110,CP hành chính,-300000,Chi phí bán hàng,1025101477
1000,Jan 2023,1477,0064173150,CP hành chính,-1146500,Chi phí bán hàng,1025101477
1000,Jan 2023,1477,0064180110,CP Còn lại,-730000,Chi phí bán hàng,1025101477
1000,Jan 2023,1477,0064180210,CP chuyển tiền,-25917712,Chi phí bán hàng,1025101477
1000,Jan 2023,1477,0064180340,CP Còn lại,-37399,Chi phí bán hàng,1025101477
1000,Jan 2023,1489,0064110100,CP Nhân viên,-88526586,Chi phí bán hàng,1025101489
1000,Jan 2023,1489,0064110110,CP Nhân viên,-6115066,Chi phí bán hàng,1025101489
1000,Jan 2023,1489,0064110120,CP Nhân viên,-53597087,Chi phí bán hàng,1025101489
1000,Jan 2023,1489,0064110130,CP Nhân viên,-62126611,Chi phí bán hàng,1025101489
1000,Jan 2023,1489,0064110150,CP Nhân viên,-9380000,Chi phí bán hàng,1025101489
1000,Jan 2023,1489,0064110160,CP Nhân viên,-1000000,Chi phí bán hàng,1025101489
1000,Jan 2023,1489,0064110170,CP Nhân viên,-9572500,Chi phí bán hàng,1025101489
1000,Jan 2023,1489,0064110180,CP Nhân viên,-1094000,Chi phí bán hàng,1025101489
1000,Jan 2023,1489,0064110190,CP Nhân viên,-1641000,Chi phí bán hàng,1025101489
1000,Jan 2023,1489,0064110200,CP Nhân viên,-547000,Chi phí bán hàng,1025101489
1000,Jan 2023,1489,0064120120,CP vật liệu phụ,-8042396,Chi phí bán hàng,1025101489
1000,Jan 2023,1489,0064120130,CP vật liệu phụ,-2022871,Chi phí bán hàng,1025101489
1000,Jan 2023,1489,0064120140,CP vật liệu phụ,-5364414,Chi phí bán hàng,1025101489
1000,Jan 2023,1489,0064130140,CP CCDC,-1657084,Chi phí bán hàng,1025101489
1000,Jan 2023,1489,0064140110,CP KH TSCĐ,-2372159,Chi phí bán hàng,1025101489
1000,Jan 2023,1489,0064151100,CP Còn lại,-2166012,Chi phí bán hàng,1025101489
1000,Jan 2023,1489,0064171100,CP Thuê ngoài,-49840000,Chi phí bán hàng,1025101489
1000,Jan 2023,1489,0064173100,CP hành chính,-10803445,Chi phí bán hàng,1025101489
1000,Jan 2023,1489,0064173110,CP hành chính,-300000,Chi phí bán hàng,1025101489
1000,Jan 2023,1489,0064173150,CP hành chính,-700000,Chi phí bán hàng,1025101489
1000,Jan 2023,1489,0064173190,CP Còn lại,-102600,Chi phí bán hàng,1025101489
1000,Jan 2023,1489,0064180110,CP Còn lại,-168000,Chi phí bán hàng,1025101489
1000,Jan 2023,1489,0064180210,CP chuyển tiền,-14531927,Chi phí bán hàng,1025101489
1000,Jan 2023,1489,0064180340,CP Còn lại,-1970909,Chi phí bán hàng,1025101489
1000,Jan 2023,1493,0064110100,CP Nhân viên,-47395722,Chi phí bán hàng,1015101493
1000,Jan 2023,1493,0064110110,CP Nhân viên,-2590412,Chi phí bán hàng,1015101493
1000,Jan 2023,1493,0064110120,CP Nhân viên,-28695026,Chi phí bán hàng,1015101493
1000,Jan 2023,1493,0064110130,CP Nhân viên,-34148695,Chi phí bán hàng,1015101493
1000,Jan 2023,1493,0064110150,CP Nhân viên,-4200000,Chi phí bán hàng,1015101493
1000,Jan 2023,1493,0064110170,CP Nhân viên,-4042500,Chi phí bán hàng,1015101493
1000,Jan 2023,1493,0064110180,CP Nhân viên,-462000,Chi phí bán hàng,1015101493
1000,Jan 2023,1493,0064110190,CP Nhân viên,-693000,Chi phí bán hàng,1015101493
1000,Jan 2023,1493,0064110200,CP Nhân viên,-231000,Chi phí bán hàng,1015101493
1000,Jan 2023,1493,0064120120,CP vật liệu phụ,-5807316,Chi phí bán hàng,1015101493
1000,Jan 2023,1493,0064120130,CP vật liệu phụ,-1070000,Chi phí bán hàng,1015101493
1000,Jan 2023,1493,0064130100,CP CCDC,-4759325,Chi phí bán hàng,1015101493
1000,Jan 2023,1493,0064151100,CP Còn lại,215617,Chi phí bán hàng,1015101493
1000,Jan 2023,1493,0064171100,CP Thuê ngoài,-32906016,Chi phí bán hàng,1015101493
1000,Jan 2023,1493,0064173100,CP hành chính,-2370060,Chi phí bán hàng,1015101493
1000,Jan 2023,1493,0064173110,CP hành chính,-408000,Chi phí bán hàng,1015101493
1000,Jan 2023,1493,0064173120,CP hành chính,-5500000,Chi phí bán hàng,1015101493
1000,Jan 2023,1493,0064173150,CP hành chính,-396000,Chi phí bán hàng,1015101493
1000,Jan 2023,1493,0064180210,CP chuyển tiền,-10696284,Chi phí bán hàng,1015101493
1000,Jan 2023,1493,0064180340,CP Còn lại,-401045,Chi phí bán hàng,1015101493
1000,Jan 2023,1504,0064110100,CP Nhân viên,-88888015,Chi phí bán hàng,1011101504
1000,Jan 2023,1504,0064110110,CP Nhân viên,-5444107,Chi phí bán hàng,1011101504
1000,Jan 2023,1504,0064110120,CP Nhân viên,-53815909,Chi phí bán hàng,1011101504
1000,Jan 2023,1504,0064110130,CP Nhân viên,-2640598,Chi phí bán hàng,1011101504
1000,Jan 2023,1504,0064110150,CP Nhân viên,-8820000,Chi phí bán hàng,1011101504
1000,Jan 2023,1504,0064110160,CP Nhân viên,-1000000,Chi phí bán hàng,1011101504
1000,Jan 2023,1504,0064110170,CP Nhân viên,-9649500,Chi phí bán hàng,1011101504
1000,Jan 2023,1504,0064110180,CP Nhân viên,-1102800,Chi phí bán hàng,1011101504
1000,Jan 2023,1504,0064110190,CP Nhân viên,-1654200,Chi phí bán hàng,1011101504
1000,Jan 2023,1504,0064110200,CP Nhân viên,-551400,Chi phí bán hàng,1011101504
1000,Jan 2023,1504,0064120120,CP vật liệu phụ,-7933773,Chi phí bán hàng,1011101504
1000,Jan 2023,1504,0064120130,CP vật liệu phụ,-1745000,Chi phí bán hàng,1011101504
1000,Jan 2023,1504,0064120140,CP vật liệu phụ,-175000,Chi phí bán hàng,1011101504
1000,Jan 2023,1504,0064130110,CP CCDC,-2479247,Chi phí bán hàng,1011101504
1000,Jan 2023,1504,0064130130,CP CCDC,-14440234,Chi phí bán hàng,1011101504
1000,Jan 2023,1504,0064130140,CP CCDC,-51953335,Chi phí bán hàng,1011101504
1000,Jan 2023,1504,0064140110,CP KH TSCĐ,-4715919,Chi phí bán hàng,1011101504
1000,Jan 2023,1504,0064140130,CP KH TSCĐ,-2925540,Chi phí bán hàng,1011101504
1000,Jan 2023,1504,0064151100,CP Còn lại,-714611,Chi phí bán hàng,1011101504
1000,Jan 2023,1504,0064171100,CP Thuê ngoài,-66700000,Chi phí bán hàng,1011101504
1000,Jan 2023,1504,0064172100,"CP sửa chữa, bảo trì",-40833173,Chi phí bán hàng,1011101504
1000,Jan 2023,1504,0064173100,CP hành chính,367589,Chi phí bán hàng,1011101504
1000,Jan 2023,1504,0064173110,CP hành chính,-979137,Chi phí bán hàng,1011101504
1000,Jan 2023,1504,0064173140,CP Còn lại,0,Chi phí bán hàng,1011101504
1000,Jan 2023,1504,0064173150,CP hành chính,-1100000,Chi phí bán hàng,1011101504
1000,Jan 2023,1504,0064173160,CP hành chính,-2088327,Chi phí bán hàng,1011101504
1000,Jan 2023,1504,0064173180,CP Còn lại,-181344,Chi phí bán hàng,1011101504
1000,Jan 2023,1504,0064180100,CP Còn lại,0,Chi phí bán hàng,1011101504
1000,Jan 2023,1504,0064180110,CP Còn lại,-4008890,Chi phí bán hàng,1011101504
1000,Jan 2023,1504,0064180210,CP chuyển tiền,-14573679,Chi phí bán hàng,1011101504
1000,Jan 2023,1504,0064180340,CP Còn lại,-3321790,Chi phí bán hàng,1011101504
1000,Jan 2023,1504,0064252100,CP Còn lại,-1000000,Chi phí quản lý,1011101504
1000,Jan 2023,1516,0064110100,CP Nhân viên,-73258204,Chi phí bán hàng,1051101516
1000,Jan 2023,1516,0064110110,CP Nhân viên,-4399453,Chi phí bán hàng,1051101516
1000,Jan 2023,1516,0064110120,CP Nhân viên,-44353076,Chi phí bán hàng,1051101516
1000,Jan 2023,1516,0064110130,CP Nhân viên,-33977182,Chi phí bán hàng,1051101516
1000,Jan 2023,1516,0064110150,CP Nhân viên,-7805000,Chi phí bán hàng,1051101516
1000,Jan 2023,1516,0064110160,CP Nhân viên,-1000000,Chi phí bán hàng,1051101516
1000,Jan 2023,1516,0064110170,CP Nhân viên,-7175000,Chi phí bán hàng,1051101516
1000,Jan 2023,1516,0064110180,CP Nhân viên,-820000,Chi phí bán hàng,1051101516
1000,Jan 2023,1516,0064110190,CP Nhân viên,-1230000,Chi phí bán hàng,1051101516
1000,Jan 2023,1516,0064110200,CP Nhân viên,-410000,Chi phí bán hàng,1051101516
1000,Jan 2023,1516,0064120110,CP vật liệu phụ,-200000,Chi phí bán hàng,1051101516
1000,Jan 2023,1516,0064120120,CP vật liệu phụ,-7703076,Chi phí bán hàng,1051101516
1000,Jan 2023,1516,0064120130,CP vật liệu phụ,-404000,Chi phí bán hàng,1051101516
1000,Jan 2023,1516,0064130130,CP CCDC,-12381462,Chi phí bán hàng,1051101516
1000,Jan 2023,1516,0064130140,CP CCDC,-17399144,Chi phí bán hàng,1051101516
1000,Jan 2023,1516,0064130150,CP CCDC,-259000,Chi phí bán hàng,1051101516
1000,Jan 2023,1516,0064140110,CP KH TSCĐ,-3902851,Chi phí bán hàng,1051101516
1000,Jan 2023,1516,0064151100,CP Còn lại,-3871076,Chi phí bán hàng,
1000,Jan 2023,1516,0064171100,CP Thuê ngoài,-65000000,Chi phí bán hàng,1051101516
1000,Jan 2023,1516,0064172100,"CP sửa chữa, bảo trì",-100619962,Chi phí bán hàng,1051101516
1000,Jan 2023,1516,0064173100,CP hành chính,-13026815,Chi phí bán hàng,1051101516
1000,Jan 2023,1516,0064173110,CP hành chính,-373674,Chi phí bán hàng,1051101516
1000,Jan 2023,1516,0064173150,CP hành chính,-200000,Chi phí bán hàng,1051101516
1000,Jan 2023,1516,0064180210,CP chuyển tiền,-12379056,Chi phí bán hàng,1051101516
1000,Jan 2023,1516,0064180340,CP Còn lại,-806916,Chi phí bán hàng,1051101516
1000,Jan 2023,1516,0064252100,CP Còn lại,-1000000,Chi phí quản lý,1051101516
1000,Jan 2023,1517,0064110100,CP Nhân viên,-87444043,Chi phí bán hàng,1015101517
1000,Jan 2023,1517,0064110110,CP Nhân viên,-5384658,Chi phí bán hàng,1015101517
1000,Jan 2023,1517,0064110120,CP Nhân viên,-52941678,Chi phí bán hàng,1015101517
1000,Jan 2023,1517,0064110130,CP Nhân viên,-1548634,Chi phí bán hàng,1015101517
1000,Jan 2023,1517,0064110150,CP Nhân viên,-9244375,Chi phí bán hàng,1015101517
1000,Jan 2023,1517,0064110160,CP Nhân viên,-1000000,Chi phí bán hàng,1015101517
1000,Jan 2023,1517,0064110170,CP Nhân viên,-8624000,Chi phí bán hàng,1015101517
1000,Jan 2023,1517,0064110180,CP Nhân viên,-985600,Chi phí bán hàng,1015101517
1000,Jan 2023,1517,0064110190,CP Nhân viên,-1478400,Chi phí bán hàng,1015101517
1000,Jan 2023,1517,0064110200,CP Nhân viên,-492800,Chi phí bán hàng,1015101517
1000,Jan 2023,1517,0064120120,CP vật liệu phụ,-6624166,Chi phí bán hàng,1015101517
1000,Jan 2023,1517,0064120130,CP vật liệu phụ,-1600000,Chi phí bán hàng,1015101517
1000,Jan 2023,1517,0064130140,CP CCDC,-6959717,Chi phí bán hàng,1015101517
1000,Jan 2023,1517,0064140110,CP KH TSCĐ,-2514903,Chi phí bán hàng,1015101517
1000,Jan 2023,1517,0064151100,CP Còn lại,-538097,Chi phí bán hàng,
1000,Jan 2023,1517,0064171100,CP Thuê ngoài,-33000000,Chi phí bán hàng,1015101517
1000,Jan 2023,1517,0064172100,"CP sửa chữa, bảo trì",-66618080,Chi phí bán hàng,1015101517
1000,Jan 2023,1517,0064173100,CP hành chính,-7706262,Chi phí bán hàng,1015101517
1000,Jan 2023,1517,0064173110,CP hành chính,-7138000,Chi phí bán hàng,1015101517
1000,Jan 2023,1517,0064180210,CP chuyển tiền,-4974785,Chi phí bán hàng,1015101517
1000,Jan 2023,1517,0064180250,CP Marketing & Khuyến mãi,0,Chi phí bán hàng,
1000,Jan 2023,1517,0064180340,CP Còn lại,-264538,Chi phí bán hàng,1015101517
1000,Jan 2023,1532,0064110100,CP Nhân viên,-56360539,Chi phí bán hàng,1016101532
1000,Jan 2023,1532,0064110110,CP Nhân viên,-2981096,Chi phí bán hàng,1016101532
1000,Jan 2023,1532,0064110120,CP Nhân viên,-34122639,Chi phí bán hàng,1016101532
1000,Jan 2023,1532,0064110130,CP Nhân viên,-1173676,Chi phí bán hàng,1016101532
1000,Jan 2023,1532,0064110150,CP Nhân viên,-6335000,Chi phí bán hàng,1016101532
1000,Jan 2023,1532,0064110160,CP Nhân viên,-1000000,Chi phí bán hàng,1016101532
1000,Jan 2023,1532,0064110170,CP Nhân viên,-5211500,Chi phí bán hàng,1016101532
1000,Jan 2023,1532,0064110180,CP Nhân viên,-595600,Chi phí bán hàng,1016101532
1000,Jan 2023,1532,0064110190,CP Nhân viên,-893400,Chi phí bán hàng,1016101532
1000,Jan 2023,1532,0064110200,CP Nhân viên,-297800,Chi phí bán hàng,1016101532
1000,Jan 2023,1532,0064120120,CP vật liệu phụ,-5368025,Chi phí bán hàng,1016101532
1000,Jan 2023,1532,0064120130,CP vật liệu phụ,-1595000,Chi phí bán hàng,1016101532
1000,Jan 2023,1532,0064130100,CP CCDC,-1980000,Chi phí bán hàng,1016101532
1000,Jan 2023,1532,0064130130,CP CCDC,-1038889,Chi phí bán hàng,1016101532
1000,Jan 2023,1532,0064130140,CP CCDC,-7203439,Chi phí bán hàng,1016101532
1000,Jan 2023,1532,0064140110,CP KH TSCĐ,-3916775,Chi phí bán hàng,1016101532
1000,Jan 2023,1532,0064171100,CP Thuê ngoài,-28600000,Chi phí bán hàng,1016101532
1000,Jan 2023,1532,0064172100,"CP sửa chữa, bảo trì",-103478093,Chi phí bán hàng,1016101532
1000,Jan 2023,1532,0064172110,"CP sửa chữa, bảo trì",-187000,Chi phí bán hàng,1016101532
1000,Jan 2023,1532,0064173100,CP hành chính,-6170010,Chi phí bán hàng,1016101532
1000,Jan 2023,1532,0064173110,CP hành chính,-254705,Chi phí bán hàng,1016101532
1000,Jan 2023,1532,0064173150,CP hành chính,-700000,Chi phí bán hàng,1016101532
1000,Jan 2023,1532,0064173160,CP hành chính,-2821036,Chi phí bán hàng,1016101532
1000,Jan 2023,1532,0064180110,CP Còn lại,-1785975,Chi phí bán hàng,1016101532
1000,Jan 2023,1532,0064180210,CP chuyển tiền,-859341,Chi phí bán hàng,1016101532
1000,Jan 2023,1532,0064180340,CP Còn lại,-2788741,Chi phí bán hàng,1016101532
1000,Jan 2023,1534,0064110100,CP Nhân viên,-79237597,Chi phí bán hàng,1050101534
1000,Jan 2023,1534,0064110110,CP Nhân viên,-5243428,Chi phí bán hàng,1050101534
1000,Jan 2023,1534,0064110120,CP Nhân viên,-47973209,Chi phí bán hàng,1050101534
1000,Jan 2023,1534,0064110130,CP Nhân viên,-53719342,Chi phí bán hàng,1050101534
1000,Jan 2023,1534,0064110150,CP Nhân viên,-8435000,Chi phí bán hàng,1050101534
1000,Jan 2023,1534,0064110160,CP Nhân viên,-1000000,Chi phí bán hàng,1050101534
1000,Jan 2023,1534,0064110170,CP Nhân viên,-7906500,Chi phí bán hàng,1050101534
1000,Jan 2023,1534,0064110180,CP Nhân viên,-903600,Chi phí bán hàng,1050101534
1000,Jan 2023,1534,0064110190,CP Nhân viên,-1355400,Chi phí bán hàng,1050101534
1000,Jan 2023,1534,0064110200,CP Nhân viên,-451800,Chi phí bán hàng,1050101534
1000,Jan 2023,1534,0064120120,CP vật liệu phụ,-9094286,Chi phí bán hàng,1050101534
1000,Jan 2023,1534,0064120130,CP vật liệu phụ,-1636889,Chi phí bán hàng,1050101534
1000,Jan 2023,1534,0064130100,CP CCDC,-55160471,Chi phí bán hàng,1050101534
1000,Jan 2023,1534,0064130110,CP CCDC,-7590000,Chi phí bán hàng,1050101534
1000,Jan 2023,1534,0064130130,CP CCDC,-9839347,Chi phí bán hàng,1050101534
1000,Jan 2023,1534,0064130140,CP CCDC,-1291360,Chi phí bán hàng,1050101534
1000,Jan 2023,1534,0064130150,CP CCDC,-1550000,Chi phí bán hàng,1050101534
1000,Jan 2023,1534,0064140110,CP KH TSCĐ,-4124880,Chi phí bán hàng,1050101534
1000,Jan 2023,1534,0064151100,CP Còn lại,-1254719,Chi phí bán hàng,
1000,Jan 2023,1534,0064171100,CP Thuê ngoài,-56500000,Chi phí bán hàng,1050101534
1000,Jan 2023,1534,0064172100,"CP sửa chữa, bảo trì",-63733130,Chi phí bán hàng,1050101534
1000,Jan 2023,1534,0064173100,CP hành chính,-9338891,Chi phí bán hàng,1050101534
1000,Jan 2023,1534,0064173110,CP hành chính,-407681,Chi phí bán hàng,1050101534
1000,Jan 2023,1534,0064173190,CP Còn lại,-61569,Chi phí bán hàng,1050101534
1000,Jan 2023,1534,0064180110,CP Còn lại,-257160,Chi phí bán hàng,1050101534
1000,Jan 2023,1534,0064180210,CP chuyển tiền,-12359617,Chi phí bán hàng,1050101534
1000,Jan 2023,1534,0064180250,CP Marketing & Khuyến mãi,-346522,Chi phí bán hàng,
1000,Jan 2023,1534,0064180250,CP Marketing & Khuyến mãi,346522,Chi phí bán hàng,1050101534
1000,Jan 2023,1534,0064180340,CP Còn lại,-2370084,Chi phí bán hàng,1050101534
1000,Jan 2023,1539,0064110100,CP Nhân viên,-73412374,Chi phí bán hàng,1019101539
1000,Jan 2023,1539,0064110110,CP Nhân viên,-4934521,Chi phí bán hàng,1019101539
1000,Jan 2023,1539,0064110120,CP Nhân viên,-44446415,Chi phí bán hàng,1019101539
1000,Jan 2023,1539,0064110130,CP Nhân viên,-31789746,Chi phí bán hàng,1019101539
1000,Jan 2023,1539,0064110150,CP Nhân viên,-9590000,Chi phí bán hàng,1019101539
1000,Jan 2023,1539,0064110160,CP Nhân viên,-800000,Chi phí bán hàng,1019101539
1000,Jan 2023,1539,0064110170,CP Nhân viên,-8067500,Chi phí bán hàng,1019101539
1000,Jan 2023,1539,0064110180,CP Nhân viên,-922000,Chi phí bán hàng,1019101539
1000,Jan 2023,1539,0064110190,CP Nhân viên,-1383000,Chi phí bán hàng,1019101539
1000,Jan 2023,1539,0064110200,CP Nhân viên,-461000,Chi phí bán hàng,1019101539
1000,Jan 2023,1539,0064120120,CP vật liệu phụ,-3237123,Chi phí bán hàng,1019101539
1000,Jan 2023,1539,0064130130,CP CCDC,-3753335,Chi phí bán hàng,1019101539
1000,Jan 2023,1539,0064130140,CP CCDC,-6136167,Chi phí bán hàng,1019101539
1000,Jan 2023,1539,0064140110,CP KH TSCĐ,-2351348,Chi phí bán hàng,1019101539
1000,Jan 2023,1539,0064151100,CP Còn lại,-6709057,Chi phí bán hàng,
1000,Jan 2023,1539,0064171100,CP Thuê ngoài,-33000000,Chi phí bán hàng,1019101539
1000,Jan 2023,1539,0064172100,"CP sửa chữa, bảo trì",-37528582,Chi phí bán hàng,1019101539
1000,Jan 2023,1539,0064173100,CP hành chính,-6846943,Chi phí bán hàng,1019101539
1000,Jan 2023,1539,0064173110,CP hành chính,-362068,Chi phí bán hàng,1019101539
1000,Jan 2023,1539,0064180110,CP Còn lại,-1180000,Chi phí bán hàng,1019101539
1000,Jan 2023,1539,0064180210,CP chuyển tiền,-4655743,Chi phí bán hàng,1019101539
1000,Jan 2023,1539,0064180340,CP Còn lại,-77274,Chi phí bán hàng,1019101539
1000,Jan 2023,1541,0064110100,CP Nhân viên,-82014695,Chi phí bán hàng,1028101541
1000,Jan 2023,1541,0064110110,CP Nhân viên,-5359179,Chi phí bán hàng,1028101541
1000,Jan 2023,1541,0064110120,CP Nhân viên,-49654561,Chi phí bán hàng,1028101541
1000,Jan 2023,1541,0064110130,CP Nhân viên,-31921857,Chi phí bán hàng,1028101541
1000,Jan 2023,1541,0064110150,CP Nhân viên,-8715000,Chi phí bán hàng,1028101541
1000,Jan 2023,1541,0064110160,CP Nhân viên,-1000000,Chi phí bán hàng,1028101541
1000,Jan 2023,1541,0064110170,CP Nhân viên,-8592500,Chi phí bán hàng,1028101541
1000,Jan 2023,1541,0064110180,CP Nhân viên,-982000,Chi phí bán hàng,1028101541
1000,Jan 2023,1541,0064110190,CP Nhân viên,-1473000,Chi phí bán hàng,1028101541
1000,Jan 2023,1541,0064110200,CP Nhân viên,-491000,Chi phí bán hàng,1028101541
1000,Jan 2023,1541,0064120110,CP vật liệu phụ,-200000,Chi phí bán hàng,1028101541
1000,Jan 2023,1541,0064120120,CP vật liệu phụ,-5819679,Chi phí bán hàng,1028101541
1000,Jan 2023,1541,0064120130,CP vật liệu phụ,-1940000,Chi phí bán hàng,1028101541
1000,Jan 2023,1541,0064120140,CP vật liệu phụ,-6958429,Chi phí bán hàng,1028101541
1000,Jan 2023,1541,0064130100,CP CCDC,-25270667,Chi phí bán hàng,1028101541
1000,Jan 2023,1541,0064130110,CP CCDC,-6325000,Chi phí bán hàng,1028101541
1000,Jan 2023,1541,0064130130,CP CCDC,-4023742,Chi phí bán hàng,1028101541
1000,Jan 2023,1541,0064130140,CP CCDC,-16023102,Chi phí bán hàng,1028101541
1000,Jan 2023,1541,0064140130,CP KH TSCĐ,-2645332,Chi phí bán hàng,1028101541
1000,Jan 2023,1541,0064151100,CP Còn lại,-2878818,Chi phí bán hàng,
1000,Jan 2023,1541,0064171100,CP Thuê ngoài,-27500000,Chi phí bán hàng,1028101541
1000,Jan 2023,1541,0064172100,"CP sửa chữa, bảo trì",-60576148,Chi phí bán hàng,1028101541
1000,Jan 2023,1541,0064172110,"CP sửa chữa, bảo trì",-11946138,Chi phí bán hàng,1028101541
1000,Jan 2023,1541,0064173100,CP hành chính,-2576813,Chi phí bán hàng,1028101541
1000,Jan 2023,1541,0064173110,CP hành chính,-1029801,Chi phí bán hàng,1028101541
1000,Jan 2023,1541,0064180110,CP Còn lại,-960000,Chi phí bán hàng,1028101541
1000,Jan 2023,1541,0064180210,CP chuyển tiền,-3395443,Chi phí bán hàng,1028101541
1000,Jan 2023,1541,0064180340,CP Còn lại,-1663601,Chi phí bán hàng,1028101541
1000,Jan 2023,1548,0064110100,CP Nhân viên,-84043496,Chi phí bán hàng,1025101548
1000,Jan 2023,1548,0064110110,CP Nhân viên,-5721554,Chi phí bán hàng,1025101548
1000,Jan 2023,1548,0064110120,CP Nhân viên,-50882868,Chi phí bán hàng,1025101548
1000,Jan 2023,1548,0064110130,CP Nhân viên,-1830220,Chi phí bán hàng,1025101548
1000,Jan 2023,1548,0064110150,CP Nhân viên,-8890000,Chi phí bán hàng,1025101548
1000,Jan 2023,1548,0064110160,CP Nhân viên,-1000000,Chi phí bán hàng,1025101548
1000,Jan 2023,1548,0064110170,CP Nhân viên,-9467500,Chi phí bán hàng,1025101548
1000,Jan 2023,1548,0064110180,CP Nhân viên,-1082000,Chi phí bán hàng,1025101548
1000,Jan 2023,1548,0064110190,CP Nhân viên,-1623000,Chi phí bán hàng,1025101548
1000,Jan 2023,1548,0064110200,CP Nhân viên,-541000,Chi phí bán hàng,1025101548
1000,Jan 2023,1548,0064120120,CP vật liệu phụ,-9869746,Chi phí bán hàng,1025101548
1000,Jan 2023,1548,0064120130,CP vật liệu phụ,-1592399,Chi phí bán hàng,1025101548
1000,Jan 2023,1548,0064120140,CP vật liệu phụ,-16570958,Chi phí bán hàng,1025101548
1000,Jan 2023,1548,0064130100,CP CCDC,-86612336,Chi phí bán hàng,1025101548
1000,Jan 2023,1548,0064130110,CP CCDC,-9765250,Chi phí bán hàng,1025101548
1000,Jan 2023,1548,0064130130,CP CCDC,-24901634,Chi phí bán hàng,1025101548
1000,Jan 2023,1548,0064130140,CP CCDC,-18032351,Chi phí bán hàng,1025101548
1000,Jan 2023,1548,0064140130,CP KH TSCĐ,-3792822,Chi phí bán hàng,1025101548
1000,Jan 2023,1548,0064151100,CP Còn lại,-5794432,Chi phí bán hàng,
1000,Jan 2023,1548,0064171100,CP Thuê ngoài,-79888800,Chi phí bán hàng,1025101548
1000,Jan 2023,1548,0064172100,"CP sửa chữa, bảo trì",-80358708,Chi phí bán hàng,1025101548
1000,Jan 2023,1548,0064173100,CP hành chính,-12422480,Chi phí bán hàng,1025101548
1000,Jan 2023,1548,0064173110,CP hành chính,-300000,Chi phí bán hàng,1025101548
1000,Jan 2023,1548,0064173150,CP hành chính,-462000,Chi phí bán hàng,1025101548
1000,Jan 2023,1548,0064180210,CP chuyển tiền,-11422747,Chi phí bán hàng,1025101548
1000,Jan 2023,1548,0064180340,CP Còn lại,-2041400,Chi phí bán hàng,1025101548
1000,Jan 2023,1555,0064110100,CP Nhân viên,-59643188,Chi phí bán hàng,1015101555
1000,Jan 2023,1555,0064110110,CP Nhân viên,-3635069,Chi phí bán hàng,1015101555
1000,Jan 2023,1555,0064110120,CP Nhân viên,-36110069,Chi phí bán hàng,1015101555
1000,Jan 2023,1555,0064110150,CP Nhân viên,-7070000,Chi phí bán hàng,1015101555
1000,Jan 2023,1555,0064110160,CP Nhân viên,-800000,Chi phí bán hàng,1015101555
1000,Jan 2023,1555,0064110170,CP Nhân viên,-6230000,Chi phí bán hàng,1015101555
1000,Jan 2023,1555,0064110180,CP Nhân viên,-712000,Chi phí bán hàng,1015101555
1000,Jan 2023,1555,0064110190,CP Nhân viên,-1068000,Chi phí bán hàng,1015101555
1000,Jan 2023,1555,0064110200,CP Nhân viên,-356000,Chi phí bán hàng,1015101555
1000,Jan 2023,1555,0064120120,CP vật liệu phụ,-2815092,Chi phí bán hàng,1015101555
1000,Jan 2023,1555,0064120130,CP vật liệu phụ,-950000,Chi phí bán hàng,1015101555
1000,Jan 2023,1555,0064130100,CP CCDC,-15928573,Chi phí bán hàng,1015101555
1000,Jan 2023,1555,0064130110,CP CCDC,-6095833,Chi phí bán hàng,1015101555
1000,Jan 2023,1555,0064130130,CP CCDC,-25900668,Chi phí bán hàng,1015101555
1000,Jan 2023,1555,0064130140,CP CCDC,-11498849,Chi phí bán hàng,1015101555
1000,Jan 2023,1555,0064130150,CP CCDC,-104000,Chi phí bán hàng,1015101555
1000,Jan 2023,1555,0064140110,CP KH TSCĐ,-1334264,Chi phí bán hàng,1015101555
1000,Jan 2023,1555,0064140130,CP KH TSCĐ,-487500,Chi phí bán hàng,1015101555
1000,Jan 2023,1555,0064171100,CP Thuê ngoài,-17000000,Chi phí bán hàng,1015101555
1000,Jan 2023,1555,0064172100,"CP sửa chữa, bảo trì",-72910925,Chi phí bán hàng,1015101555
1000,Jan 2023,1555,0064173100,CP hành chính,-4500914,Chi phí bán hàng,1015101555
1000,Jan 2023,1555,0064173110,CP hành chính,-300000,Chi phí bán hàng,1015101555
1000,Jan 2023,1555,0064173150,CP hành chính,-500000,Chi phí bán hàng,1015101555
1000,Jan 2023,1555,0064180210,CP chuyển tiền,-1735445,Chi phí bán hàng,1015101555
1000,Jan 2023,1555,0064180340,CP Còn lại,-723552,Chi phí bán hàng,1015101555
1000,Jan 2023,1558,0064110100,CP Nhân viên,-68673467,Chi phí bán hàng,1011101558
1000,Jan 2023,1558,0064110110,CP Nhân viên,-4860629,Chi phí bán hàng,1011101558
1000,Jan 2023,1558,0064110120,CP Nhân viên,-41577316,Chi phí bán hàng,1011101558
1000,Jan 2023,1558,0064110150,CP Nhân viên,-7525000,Chi phí bán hàng,1011101558
1000,Jan 2023,1558,0064110160,CP Nhân viên,-1000000,Chi phí bán hàng,1011101558
1000,Jan 2023,1558,0064110170,CP Nhân viên,-2222500,Chi phí bán hàng,1011101558
1000,Jan 2023,1558,0064110180,CP Nhân viên,-254000,Chi phí bán hàng,1011101558
1000,Jan 2023,1558,0064110190,CP Nhân viên,-381000,Chi phí bán hàng,1011101558
1000,Jan 2023,1558,0064110200,CP Nhân viên,-127000,Chi phí bán hàng,1011101558
1000,Jan 2023,1558,0064120110,CP vật liệu phụ,-310100,Chi phí bán hàng,1011101558
1000,Jan 2023,1558,0064120120,CP vật liệu phụ,-2522291,Chi phí bán hàng,1011101558
1000,Jan 2023,1558,0064130100,CP CCDC,-4686667,Chi phí bán hàng,1011101558
1000,Jan 2023,1558,0064130110,CP CCDC,-11484000,Chi phí bán hàng,1011101558
1000,Jan 2023,1558,0064130130,CP CCDC,-30148168,Chi phí bán hàng,1011101558
1000,Jan 2023,1558,0064130140,CP CCDC,-4561220,Chi phí bán hàng,1011101558
1000,Jan 2023,1558,0064151100,CP Còn lại,-509695,Chi phí bán hàng,1011101558
1000,Jan 2023,1558,0064171100,CP Thuê ngoài,-70000000,Chi phí bán hàng,1011101558
1000,Jan 2023,1558,0064172110,"CP sửa chữa, bảo trì",-61875000,Chi phí bán hàng,1011101558
1000,Jan 2023,1558,0064173100,CP hành chính,-1317024,Chi phí bán hàng,1011101558
1000,Jan 2023,1558,0064173110,CP hành chính,-8220000,Chi phí bán hàng,1011101558
1000,Jan 2023,1558,0064173180,CP Còn lại,-7700000,Chi phí bán hàng,1011101558
1000,Jan 2023,1558,0064180110,CP Còn lại,-19751551,Chi phí bán hàng,1011101558
1000,Jan 2023,1558,0064180210,CP chuyển tiền,-9275115,Chi phí bán hàng,1011101558
1000,Jan 2023,1558,0064180340,CP Còn lại,-1700838,Chi phí bán hàng,1011101558
1000,Jan 2023,1558,0064252100,CP Còn lại,-1000000,Chi phí quản lý,1011101558
1000,Jan 2023,400000,0064110100,CP Nhân viên,-191946087,Chi phí bán hàng,1015602001
1000,Jan 2023,400000,0064110100,CP Nhân viên,-78820000,Chi phí bán hàng,1015606001
1000,Jan 2023,400000,0064110100,CP Nhân viên,-28080000,Chi phí bán hàng,1015703003
1000,Jan 2023,400000,0064110100,CP Nhân viên,-162892607,Chi phí bán hàng,1015705000
1000,Jan 2023,400000,0064110100,CP Nhân viên,-267934785,Chi phí bán hàng,1015708002
1000,Jan 2023,400000,0064110100,CP Nhân viên,-248094413,Chi phí bán hàng,1015708004
1000,Jan 2023,400000,0064110100,CP Nhân viên,-141635000,Chi phí bán hàng,1015709999
1000,Jan 2023,400000,0064110110,CP Nhân viên,-15101672,Chi phí bán hàng,1015602001
1000,Jan 2023,400000,0064110110,CP Nhân viên,-5753260,Chi phí bán hàng,1015606001
1000,Jan 2023,400000,0064110110,CP Nhân viên,-2215014,Chi phí bán hàng,1015703003
1000,Jan 2023,400000,0064110110,CP Nhân viên,-11899888,Chi phí bán hàng,1015705000
1000,Jan 2023,400000,0064110110,CP Nhân viên,-20568713,Chi phí bán hàng,1015708002
1000,Jan 2023,400000,0064110110,CP Nhân viên,-19764640,Chi phí bán hàng,1015708004
1000,Jan 2023,400000,0064110110,CP Nhân viên,-11783397,Chi phí bán hàng,1015709999
1000,Jan 2023,400000,0064110120,CP Nhân viên,-116210866,Chi phí bán hàng,1015602001
1000,Jan 2023,400000,0064110120,CP Nhân viên,-47720381,Chi phí bán hàng,1015606001
1000,Jan 2023,400000,0064110120,CP Nhân viên,-17000613,Chi phí bán hàng,1015703003
1000,Jan 2023,400000,0064110120,CP Nhân viên,-98620874,Chi phí bán hàng,1015705000
1000,Jan 2023,400000,0064110120,CP Nhân viên,-162217078,Chi phí bán hàng,1015708002
1000,Jan 2023,400000,0064110120,CP Nhân viên,-150205023,Chi phí bán hàng,1015708004
1000,Jan 2023,400000,0064110120,CP Nhân viên,-85750776,Chi phí bán hàng,1015709999
1000,Jan 2023,400000,0064110130,CP Nhân viên,-100803639,Chi phí bán hàng,1015602001
1000,Jan 2023,400000,0064110130,CP Nhân viên,-66000000,Chi phí bán hàng,1015709999
1000,Jan 2023,400000,0064110150,CP Nhân viên,-5901000,Chi phí bán hàng,1015602001
1000,Jan 2023,400000,0064110150,CP Nhân viên,-3696000,Chi phí bán hàng,1015606001
1000,Jan 2023,400000,0064110150,CP Nhân viên,-1386000,Chi phí bán hàng,1015703003
1000,Jan 2023,400000,0064110150,CP Nhân viên,-10101000,Chi phí bán hàng,1015705000
1000,Jan 2023,400000,0064110150,CP Nhân viên,-14063000,Chi phí bán hàng,1015708002
1000,Jan 2023,400000,0064110150,CP Nhân viên,-14749000,Chi phí bán hàng,1015708004
1000,Jan 2023,400000,0064110150,CP Nhân viên,-756000,Chi phí bán hàng,1015709999
1000,Jan 2023,400000,0064110170,CP Nhân viên,-18670050,Chi phí bán hàng,1015602001
1000,Jan 2023,400000,0064110170,CP Nhân viên,-7112700,Chi phí bán hàng,1015606001
1000,Jan 2023,400000,0064110170,CP Nhân viên,-2738400,Chi phí bán hàng,1015703003
1000,Jan 2023,400000,0064110170,CP Nhân viên,-14241570,Chi phí bán hàng,1015705000
1000,Jan 2023,400000,0064110170,CP Nhân viên,-27129900,Chi phí bán hàng,1015708002
1000,Jan 2023,400000,0064110170,CP Nhân viên,-23626400,Chi phí bán hàng,1015708004
1000,Jan 2023,400000,0064110170,CP Nhân viên,-5215000,Chi phí bán hàng,1015709999
1000,Jan 2023,400000,0064110180,CP Nhân viên,-2133720,Chi phí bán hàng,1015602001
1000,Jan 2023,400000,0064110180,CP Nhân viên,-812880,Chi phí bán hàng,1015606001
1000,Jan 2023,400000,0064110180,CP Nhân viên,-312960,Chi phí bán hàng,1015703003
1000,Jan 2023,400000,0064110180,CP Nhân viên,-1627608,Chi phí bán hàng,1015705000
1000,Jan 2023,400000,0064110180,CP Nhân viên,-3100560,Chi phí bán hàng,1015708002
1000,Jan 2023,400000,0064110180,CP Nhân viên,-2700160,Chi phí bán hàng,1015708004
1000,Jan 2023,400000,0064110180,CP Nhân viên,-596000,Chi phí bán hàng,1015709999
1000,Jan 2023,400000,0064110190,CP Nhân viên,-3200580,Chi phí bán hàng,1015602001
1000,Jan 2023,400000,0064110190,CP Nhân viên,-1219320,Chi phí bán hàng,1015606001
1000,Jan 2023,400000,0064110190,CP Nhân viên,-469440,Chi phí bán hàng,1015703003
1000,Jan 2023,400000,0064110190,CP Nhân viên,-2441412,Chi phí bán hàng,1015705000
1000,Jan 2023,400000,0064110190,CP Nhân viên,-4650840,Chi phí bán hàng,1015708002
1000,Jan 2023,400000,0064110190,CP Nhân viên,-4050240,Chi phí bán hàng,1015708004
1000,Jan 2023,400000,0064110190,CP Nhân viên,-894000,Chi phí bán hàng,1015709999
1000,Jan 2023,400000,0064110200,CP Nhân viên,-1066860,Chi phí bán hàng,1015602001
1000,Jan 2023,400000,0064110200,CP Nhân viên,-406440,Chi phí bán hàng,1015606001
1000,Jan 2023,400000,0064110200,CP Nhân viên,-156480,Chi phí bán hàng,1015703003
1000,Jan 2023,400000,0064110200,CP Nhân viên,-813804,Chi phí bán hàng,1015705000
1000,Jan 2023,400000,0064110200,CP Nhân viên,-1550280,Chi phí bán hàng,1015708002
1000,Jan 2023,400000,0064110200,CP Nhân viên,-1350080,Chi phí bán hàng,1015708004
1000,Jan 2023,400000,0064110200,CP Nhân viên,-728000,Chi phí bán hàng,1015709999
1000,Jan 2023,400000,0064120130,CP vật liệu phụ,-309000,Chi phí bán hàng,1015602002
1000,Jan 2023,400000,0064120130,CP vật liệu phụ,-1247500,Chi phí bán hàng,1015606001
1000,Jan 2023,400000,0064120130,CP vật liệu phụ,-2117500,Chi phí bán hàng,1015705000
1000,Jan 2023,400000,0064120130,CP vật liệu phụ,-720500,Chi phí bán hàng,1015707005
1000,Jan 2023,400000,0064120130,CP vật liệu phụ,-451500,Chi phí bán hàng,1015708002
1000,Jan 2023,400000,0064120130,CP vật liệu phụ,-1132500,Chi phí bán hàng,1015708004
1000,Jan 2023,400000,0064130100,CP CCDC,-239518,Chi phí bán hàng,1015705003
1000,Jan 2023,400000,0064130100,CP CCDC,-2386800,Chi phí bán hàng,1015707005
1000,Jan 2023,400000,0064130100,CP CCDC,-466426,Chi phí bán hàng,1015708002
1000,Jan 2023,400000,0064130110,CP CCDC,-5363056,Chi phí bán hàng,1015602001
1000,Jan 2023,400000,0064130110,CP CCDC,-2783750,Chi phí bán hàng,1015606001
1000,Jan 2023,400000,0064130110,CP CCDC,-695833,Chi phí bán hàng,1015703003
1000,Jan 2023,400000,0064130110,CP CCDC,-9308334,Chi phí bán hàng,1015705000
1000,Jan 2023,400000,0064130110,CP CCDC,-9197083,Chi phí bán hàng,1015707005
1000,Jan 2023,400000,0064130110,CP CCDC,-3695418,Chi phí bán hàng,1015708002
1000,Jan 2023,400000,0064130110,CP CCDC,-1516667,Chi phí bán hàng,1015708004
1000,Jan 2023,400000,0064130130,CP CCDC,-2197083,Chi phí bán hàng,1015708004
1000,Jan 2023,400000,0064130140,CP CCDC,-4379500,Chi phí bán hàng,1015705003
1000,Jan 2023,400000,0064130140,CP CCDC,-316248,Chi phí bán hàng,1015708002
1000,Jan 2023,400000,0064140100,CP KH TSCĐ,-6700000,Chi phí bán hàng,1015709999
1000,Jan 2023,400000,0064140110,CP KH TSCĐ,-5948550,Chi phí bán hàng,1015705003
1000,Jan 2023,400000,0064140120,CP KH TSCĐ,-50070963,Chi phí bán hàng,1015708004
1000,Jan 2023,400000,0064171100,CP Thuê ngoài,-36735600,Chi phí bán hàng,1015709999
1000,Jan 2023,400000,0064172110,"CP sửa chữa, bảo trì",-378000,Chi phí bán hàng,1015705000
1000,Jan 2023,400000,0064172110,"CP sửa chữa, bảo trì",-675000,Chi phí bán hàng,1015707000
1000,Jan 2023,400000,0064172120,"CP sửa chữa, bảo trì",-2963400,Chi phí bán hàng,1015708004
1000,Jan 2023,400000,0064173100,CP hành chính,-10262390,Chi phí bán hàng,1015708004
1000,Jan 2023,400000,0064173110,CP hành chính,-2100000,Chi phí bán hàng,1015602001
1000,Jan 2023,400000,0064173110,CP hành chính,-300000,Chi phí bán hàng,1015606001
1000,Jan 2023,400000,0064173110,CP hành chính,-400000,Chi phí bán hàng,1015705000
1000,Jan 2023,400000,0064173110,CP hành chính,-400000,Chi phí bán hàng,1015708002
1000,Jan 2023,400000,0064173110,CP hành chính,-1548065,Chi phí bán hàng,1015708004
1000,Jan 2023,400000,0064173110,CP hành chính,-1500000,Chi phí bán hàng,1015709999
1000,Jan 2023,400000,0064173170,CP hành chính,-562000,Chi phí bán hàng,1015705000
1000,Jan 2023,400000,0064173170,CP hành chính,-13690000,Chi phí bán hàng,1015708004
1000,Jan 2023,400000,0064173170,CP hành chính,-5000,Chi phí bán hàng,1015709001
1000,Jan 2023,400000,0064173170,CP hành chính,-150000,Chi phí bán hàng,1015709999
1000,Jan 2023,400000,0064173180,CP Còn lại,-5798250,Chi phí bán hàng,1015602001
1000,Jan 2023,400000,0064173180,CP Còn lại,-500176,Chi phí bán hàng,1015606001
1000,Jan 2023,400000,0064173180,CP Còn lại,-600000,Chi phí bán hàng,1015703003
1000,Jan 2023,400000,0064173180,CP Còn lại,-27797573,Chi phí bán hàng,1015705000
1000,Jan 2023,400000,0064173180,CP Còn lại,-4127750,Chi phí bán hàng,1015708004
1000,Jan 2023,400000,0064173180,CP Còn lại,-10130043,Chi phí bán hàng,1015709001
1000,Jan 2023,400000,0064173180,CP Còn lại,-3476480,Chi phí bán hàng,1015709999
1000,Jan 2023,400000,0064180100,CP Còn lại,-8999928,Chi phí bán hàng,1015602001
1000,Jan 2023,400000,0064180100,CP Còn lại,-12874000,Chi phí bán hàng,1015709001
1000,Jan 2023,400000,0064180110,CP Còn lại,-14738000,Chi phí bán hàng,1015602001
1000,Jan 2023,400000,0064180110,CP Còn lại,-4480000,Chi phí bán hàng,1015606001
1000,Jan 2023,400000,0064180110,CP Còn lại,-4490000,Chi phí bán hàng,1015703003
1000,Jan 2023,400000,0064180110,CP Còn lại,-16952000,Chi phí bán hàng,1015705000
1000,Jan 2023,400000,0064180110,CP Còn lại,-23390000,Chi phí bán hàng,1015707005
1000,Jan 2023,400000,0064180110,CP Còn lại,-4621500,Chi phí bán hàng,1015708002
1000,Jan 2023,400000,0064180110,CP Còn lại,-10540001,Chi phí bán hàng,1015708004
1000,Jan 2023,400000,0064180110,CP Còn lại,-8588500,Chi phí bán hàng,1015709001
1000,Jan 2023,400000,0064180110,CP Còn lại,-1415000,Chi phí bán hàng,1015709999
1000,Jan 2023,400000,0064180160,CP Marketing & Khuyến mãi,-5000000,Chi phí bán hàng,1015606001
1000,Jan 2023,400000,0064180210,CP chuyển tiền,-77000,Chi phí bán hàng,1011709999
1000,Jan 2023,400000,0064180210,CP chuyển tiền,-5992330,Chi phí bán hàng,1015709999
1000,Jan 2023,400000,0064180210,CP chuyển tiền,-22000,Chi phí bán hàng,1019709999
1000,Jan 2023,400000,0064180210,CP chuyển tiền,-88000,Chi phí bán hàng,1025709999
1000,Jan 2023,400000,0064180210,CP chuyển tiền,-22000,Chi phí bán hàng,1027709999
1000,Jan 2023,400000,0064180210,CP chuyển tiền,-22000,Chi phí bán hàng,1028709999
1000,Jan 2023,400000,0064180210,CP chuyển tiền,-22000,Chi phí bán hàng,1035709999
1000,Jan 2023,400000,0064180210,CP chuyển tiền,-47300,Chi phí bán hàng,1050709999
1000,Jan 2023,400000,0064180210,CP chuyển tiền,-77000,Chi phí bán hàng,1051709999
1000,Jan 2023,400000,0064180240,CP Còn lại,-8458300,Chi phí bán hàng,1015709999
1000,Jan 2023,400000,0064180340,CP Còn lại,-1100000,Chi phí bán hàng,1015708004
1000,Jan 2023,400000,0064252100,CP Còn lại,-9000000,Chi phí quản lý,1015709999
1000,Jan 2023,400000,0064252100,CP Còn lại,-3000000,Chi phí quản lý,1016709999
1000,Jan 2023,400000,0064252100,CP Còn lại,-4000000,Chi phí quản lý,1019709999
1000,Jan 2023,400000,0064252100,CP Còn lại,-9000000,Chi phí quản lý,1025709999
1000,Jan 2023,400000,0064252100,CP Còn lại,-2000000,Chi phí quản lý,1027709999
1000,Jan 2023,400000,0064252100,CP Còn lại,-5000000,Chi phí quản lý,1028709999
1000,Jan 2023,400000,0064252100,CP Còn lại,-3000000,Chi phí quản lý,1050709999
